,frame,feature,prediction,total_uncertainty,true
0,24,0,0.6864312117474333,0.01257880334141568,0.6885496
1,24,1,0.6498577218675853,0.0059733839584217175,0.64955395
2,24,2,0.7256073902288077,0.0047216663172199805,0.7279869
3,24,3,0.6617009540916305,0.006052733570579093,0.66351897
4,24,4,0.41304554401919186,0.005321228269527348,0.41400585
5,24,5,0.2793910098853625,0.005430997425767105,0.2794271
6,24,6,0.7748071635511284,0.003935854274113239,0.77691543
7,24,7,0.6133577121099226,0.011748829351283472,0.615293
8,24,8,0.1862705670246936,0.0032717983340696476,0.18481924
9,24,9,0.7159812076851308,0.01227741372018576,0.7185321
10,24,10,0.284653959729186,0.004423029583868178,0.28499126
11,24,11,0.33084505941430875,0.005935996916226693,0.32875803
12,24,12,0.6769804894470527,0.005898890234855261,0.67918515
13,24,13,0.33823978178456415,0.0060685266136857865,0.33641398
14,24,14,0.3882831404009293,0.006914896097273955,0.3874344
15,24,15,0.7088965202697175,0.004905876422574866,0.71135134
16,25,0,0.6871165768244918,0.01257880334141568,0.6869082
17,25,1,0.648993717672258,0.0059733839584217175,0.6508396
18,25,2,0.7240072842447914,0.0047216663172199805,0.72675216
19,25,3,0.6599904504686552,0.006052733570579093,0.66277695
20,25,4,0.413932161930026,0.005321228269527348,0.41353208
21,25,5,0.27994366296285195,0.005430997425767105,0.27860788
22,25,6,0.7729597771688383,0.003935854274113239,0.77540815
23,25,7,0.6142982784715706,0.011748829351283472,0.61410207
24,25,8,0.18819760632338994,0.0032717983340696476,0.1862449
25,25,9,0.7166942558004952,0.01227741372018576,0.71635425
26,25,10,0.2853429179637567,0.004423029583868178,0.2844796
27,25,11,0.3325478030550681,0.005935996916226693,0.32962683
28,25,12,0.6752535414744636,0.005898890234855261,0.67814577
29,25,13,0.33986439269714597,0.0060685266136857865,0.33713266
30,25,14,0.38991229705184915,0.006914896097273955,0.3874373
31,25,15,0.7072585468009803,0.004905876422574866,0.7099577
32,26,0,0.6882753740061859,0.012783799030861893,0.6909198
33,26,1,0.6480811565889422,0.006333977065559671,0.64845335
34,26,2,0.7222982266486028,0.004735224916375895,0.724414
35,26,3,0.6580944085395192,0.00612669333068417,0.6595204
36,26,4,0.4148306022843769,0.005485687542550647,0.41573033
37,26,5,0.28071141809927225,0.005594927703185588,0.28146064
38,26,6,0.771206336354608,0.003949941143377448,0.7736399
39,26,7,0.6156871620823612,0.011933076646082676,0.61760205
40,26,8,0.18993595631954302,0.003308485105420158,0.18753207
41,26,9,0.7176901325959215,0.012600033723585351,0.7206414
42,26,10,0.28619698257015025,0.00457685244044867,0.2860554
43,26,11,0.33443542913409746,0.005991991393967502,0.33309475
44,26,12,0.6733808583647931,0.005937247720246946,0.6748003
45,26,13,0.3416792211724513,0.006133122511117372,0.3403076
46,26,14,0.39183625942977557,0.00709616871351852,0.3909752
47,26,15,0.7054823745483298,0.004911717347967623,0.7074781
48,27,0,0.6893739424493835,0.012811284155929902,0.69090813
49,27,1,0.6472378010054143,0.006227018978608288,0.6486924
50,27,2,0.7206292030907201,0.0047486563329958995,0.7233149
51,27,3,0.6562614718938513,0.00615561499223258,0.6581997
52,27,4,0.41569689446704655,0.0054615084857636415,0.41538775
53,27,5,0.2814708166626421,0.005689610133861259,0.28224343
54,27,6,0.7694933281047798,0.003947858241003229,0.7725554
55,27,7,0.6170598416210625,0.011911200355248267,0.61869824
56,27,8,0.19159330683459028,0.003359484722065989,0.18886006
57,27,9,0.7186244438880085,0.012609279865860908,0.7205015
58,27,10,0.28704793019172986,0.00452754903179583,0.28628862
59,27,11,0.33626045604602994,0.006069315416691927,0.33441836
60,27,12,0.6715673267511437,0.006015623933272983,0.67341834
61,27,13,0.34343087744639944,0.006168868701080323,0.34162974
62,27,14,0.39370932441392886,0.007075058631246129,0.39240378
63,27,15,0.7037502382335112,0.004939055989767851,0.7062216
64,28,0,0.6903391393072802,0.012753568530682588,0.6954256
65,28,1,0.6465245326480017,0.006203414918960805,0.64602476
66,28,2,0.7190951832327128,0.004747551332568603,0.72070557
67,28,3,0.6545822819681094,0.006130360273962043,0.6555408
68,28,4,0.41648642897803173,0.005468643591818834,0.41768223
69,28,5,0.282150949676215,0.005684285725610584,0.28354374
70,28,6,0.7679116520623327,0.003993479120397237,0.76993734
71,28,7,0.6182723121509311,0.011876176463069297,0.6224286
72,28,8,0.19313047708366274,0.003405673002282922,0.19109912
73,28,9,0.719432163044948,0.012527840181101807,0.72462535
74,28,10,0.2878160698606008,0.00452463810776046,0.28890088
75,28,11,0.33793317881291984,0.006040743604089723,0.33688775
76,28,12,0.6699043001225764,0.00599285259944074,0.670914
77,28,13,0.3450316967420066,0.006145736878181779,0.3442201
78,28,14,0.39541310347173203,0.007035768805838441,0.39497522
79,28,15,0.7021556207397107,0.004931348929388804,0.7036749
80,29,0,0.6912165787276215,0.013022161130788731,0.69361955
81,29,1,0.6459047989105531,0.006247327386340859,0.6449796
82,29,2,0.7176697130526505,0.004791302244508038,0.71798253
83,29,3,0.6530257176284826,0.006168375518363334,0.65339357
84,29,4,0.41722208214047035,0.005485872866619049,0.4187522
85,29,5,0.28277902000800353,0.005731242214325592,0.28310642
86,29,6,0.7664376757424372,0.004000312052467619,0.767465
87,29,7,0.6193797955642671,0.012057175599433085,0.6211385
88,29,8,0.19456321957013706,0.0033803046627759042,0.193586
89,29,9,0.7201624660859153,0.012765180558730984,0.722914
90,29,10,0.2885351944442552,0.004644110130975901,0.28902188
91,29,11,0.3394849378132097,0.006071004774830442,0.33912244
92,29,12,0.6683605695620602,0.006034115880152678,0.66870993
93,29,13,0.34651228652166766,0.006193045499242014,0.346293
94,29,14,0.39698973394183384,0.007049948018604495,0.39743003
95,29,15,0.7006746769285633,0.00497499169217162,0.70080465
96,30,0,0.6920144489207891,0.012949903436787018,0.6927537
97,30,1,0.6453688531390211,0.006298417220260636,0.6459125
98,30,2,0.7163448629195006,0.004996841174994901,0.715984
99,30,3,0.6515797545167217,0.006235824836642135,0.6500481
100,30,4,0.41791090078578,0.005513494569883457,0.41906413
101,30,5,0.283362347948184,0.005682304137400059,0.28538483
102,30,6,0.7650647273314052,0.004116494934829989,0.7653732
103,30,7,0.6203939741641171,0.012006715886750959,0.62205833
104,30,8,0.19589895124487097,0.003463560801563371,0.19546501
105,30,9,0.7208219541284739,0.012687145364915657,0.7210175
106,30,10,0.28921034808450485,0.004625804928892029,0.29071283
107,30,11,0.34092630309997213,0.0061451685530983765,0.34210786
108,30,12,0.6669262242681472,0.006114254575112385,0.66582656
109,30,13,0.3478847263437482,0.006267568020777907,0.34960496
110,30,14,0.39845219767718343,0.0071272672455713094,0.4003382
111,30,15,0.6992978137865602,0.005194742799816497,0.6986764
112,31,0,0.6927499084781619,0.012939814842827996,0.69500726
113,31,1,0.644904997557479,0.00625483320202734,0.64345044
114,31,2,0.7151120984785803,0.005210813119513241,0.7126341
115,31,3,0.6502332806842748,0.006559637356853419,0.6470583
116,31,4,0.4185609298261256,0.005497453547007573,0.42088047
117,31,5,0.28390850867339124,0.0057660238675991664,0.2873994
118,31,6,0.7637849555202971,0.0042886815352838345,0.76215017
119,31,7,0.6213328689995841,0.011971029079871779,0.62533385
120,31,8,0.19714531265397442,0.0035857307750964858,0.1981239
121,31,9,0.72142649801652,0.012727709501151811,0.7230452
122,31,10,0.2898477509013839,0.004707869268453139,0.29247668
123,31,11,0.34226847653562825,0.006406318258079879,0.34533235
124,31,12,0.665590564162203,0.006363682324877588,0.66264576
125,31,13,0.34916028251793346,0.006609813409516017,0.35254082
126,31,14,0.3998139500736203,0.0073526491738756935,0.40390962
127,31,15,0.6980158875727327,0.005432121325563727,0.69557
128,32,0,0.6934322263611897,0.01289597350172238,0.69699854
129,32,1,0.6445049888205904,0.006330018114413208,0.64365304
130,32,2,0.7139630736454374,0.005802961529247634,0.7145569
131,32,3,0.6489766804528492,0.007066885063335046,0.64938486
132,32,4,0.41917731667935265,0.005573203511267375,0.42102623
133,32,5,0.2844228038299583,0.006030888554448671,0.2858659
134,32,6,0.7625903560180075,0.004829929017901698,0.7628382
135,32,7,0.6222068267189199,0.012025428484333623,0.62486297
136,32,8,0.19830986359510375,0.003953467983144993,0.19785714
137,32,9,0.7219849330411177,0.012677307961985847,0.7255787
138,32,10,0.29045243540274124,0.004924046857066629,0.2919271
139,32,11,0.3435209035643051,0.006925522660233793,0.34305394
140,32,12,0.6643442519344471,0.0068640626033276446,0.6648615
141,32,13,0.3503485470855314,0.007135533428382346,0.35010934
142,32,14,0.40108546438495674,0.007887389594301448,0.40120116
143,32,15,0.6968202890643895,0.0059531971672595165,0.6974169
144,33,0,0.694068480685517,0.012894020229812115,0.69510204
145,33,1,0.6441618860664183,0.006320347025154073,0.6436502
146,33,2,0.712890237710148,0.005702408331887098,0.7129781
147,33,3,0.647801389327384,0.0069622465795955235,0.6472303
148,33,4,0.4197642199513678,0.005575292826876864,0.4205583
149,33,5,0.28490950123558567,0.0059755126728873315,0.2867347
150,33,6,0.7614737682004932,0.004798575111751003,0.7624927
151,33,7,0.6230239162331281,0.011999742195324806,0.6243265
152,33,8,0.19939937459520315,0.00392502532964253,0.19820555
153,33,9,0.7225037300869238,0.012666973362808052,0.72315013
154,33,10,0.2910281185347901,0.004905227632051711,0.29199272
155,33,11,0.34469206816639847,0.006823802856243076,0.34512392
156,33,12,0.663178933219755,0.006764670707558287,0.66289943
157,33,13,0.3514580445397167,0.007026272119759239,0.35229447
158,33,14,0.40227582681155843,0.007785406950107233,0.4037682
159,33,15,0.6957031681420021,0.0058520634600186154,0.6956297
160,34,0,0.694664139436588,0.01288232366193631,0.69629735
161,34,1,0.6438697820488878,0.006294285592596758,0.6435073
162,34,2,0.7118866739318614,0.0056415101303181414,0.7132901
163,34,3,0.6466997846334922,0.006908522595614087,0.6474927
164,34,4,0.4203249536064166,0.005552027949327601,0.42116472
165,34,5,0.28537208603195807,0.005943697083945877,0.28606123
166,34,6,0.7604285243406234,0.004723092978125854,0.7622872
167,34,7,0.6237905711743539,0.01198574030624446,0.62532943
168,34,8,0.2004200899012746,0.0038649553501819817,0.19851458
169,34,9,0.7229878338251325,0.012664402789129604,0.72479737
170,34,10,0.29157794427938866,0.004862932681889862,0.29261371
171,34,11,0.34578955096466085,0.006770054343129857,0.34490234
172,34,12,0.6620871030480878,0.006707349597917876,0.66316473
173,34,13,0.3524963287664206,0.006976513125209784,0.35174635
174,34,14,0.40339292342393324,0.007748200234399968,0.4032901
175,34,15,0.694657396160127,0.005797480260539254,0.6961589
176,35,0,0.6952234999470998,0.012857922294267177,0.6938863
177,35,1,0.6436235883203888,0.00626854055277333,0.64559036
178,35,2,0.7109461907902004,0.005569552068300439,0.7135758
179,35,3,0.6456651554807421,0.006838002855105707,0.64827114
180,35,4,0.4208622130674717,0.005532173952786399,0.42010495
181,35,5,0.28581339492937896,0.0059028810664033295,0.284621
182,35,6,0.759448591407399,0.004667481665793304,0.7615467
183,35,7,0.6245119488748558,0.011968326590161846,0.6230481
184,35,8,0.20137767308050242,0.0038318690847606975,0.19962536
185,35,9,0.72344107056016,0.012630800448147034,0.7224854
186,35,10,0.2921044981125736,0.004828962478967804,0.29221573
187,35,11,0.34682003760900587,0.006701399131505542,0.34412828
188,35,12,0.6610621243135087,0.006643561551095029,0.66376674
189,35,13,0.35347002839332553,0.006903436316586369,0.3510525
190,35,14,0.4044435698390816,0.007678210135261606,0.4021108
191,35,15,0.6936766043153985,0.005733129428679774,0.6963907
192,36,0,0.6957501138464619,0.01296718991895229,0.69576967
193,36,1,0.6434188141516243,0.006340543164770853,0.6448557
194,36,2,0.7100632334836023,0.00557348774957708,0.7126735
195,36,3,0.6446915468680445,0.0068737199971905015,0.6466793
196,36,4,0.42137825522474914,0.005595055677692362,0.42072156
197,36,5,0.28623579224472323,0.005988115561324867,0.28620118
198,36,6,0.7585285073462033,0.004628488167558482,0.76154375
199,36,7,0.6251923710210444,0.012099444770637825,0.62470114
200,36,8,0.20227726026690931,0.003795479500526156,0.19990963
201,36,9,0.7238665672669237,0.012708364343571877,0.7243513
202,36,10,0.2926099730345932,0.004807206473245805,0.29226822
203,36,11,0.3477894714621765,0.006739666384937936,0.34565598
204,36,12,0.6600980857679828,0.006679381446138439,0.66260207
205,36,13,0.35438500853041494,0.006929167002331103,0.35262975
206,36,14,0.405433747535577,0.007738348401906498,0.40381777
207,36,15,0.6927550889564577,0.0057506162389763535,0.6954475
208,37,0,0.696246979061489,0.01297069857085451,0.69319534
209,37,1,0.6432514579784466,0.006351198553378165,0.6441822
210,37,2,0.7092328229756185,0.005565591580378694,0.70973176
211,37,3,0.6437736612254363,0.006849694930842738,0.6447114
212,37,4,0.42187499292631775,0.005628977909887763,0.42237464
213,37,5,0.28664126579055627,0.0059651023316491785,0.2866414
214,37,6,0.757663334163383,0.004654401925868203,0.75859183
215,37,7,0.6258355257124311,0.01212905568053447,0.6237653
216,37,8,0.20312350732689757,0.0037945225606349085,0.20202915
217,37,9,0.7242669397772759,0.012695028538968816,0.7212478
218,37,10,0.2930962473216702,0.0048070327219715565,0.29278424
219,37,11,0.34870314518573803,0.006720389025407042,0.347742
220,37,12,0.6591897158152892,0.0066815478399481895,0.66011953
221,37,13,0.35524647297394174,0.006897071424351323,0.35454664
222,37,14,0.4063687355563876,0.007722813523083241,0.40551165
223,37,15,0.6918877424309465,0.005752184533533817,0.6926458
224,38,0,0.6967166805631642,0.013159158622604635,0.6957609
225,38,1,0.6431179259488083,0.006335458055192672,0.6447157
226,38,2,0.7084504957545521,0.005522855453860594,0.70921284
227,38,3,0.6429067736417606,0.0067964965408729506,0.64402187
228,38,4,0.42235406532558717,0.005608704317506335,0.4222376
229,38,5,0.2870314993760472,0.005941722005061387,0.28706998
230,38,6,0.7568486099256657,0.004617118704237703,0.7575379
231,38,7,0.626444614783898,0.012241019483139416,0.6255962
232,38,8,0.20392063511558678,0.0037635654288403586,0.20359184
233,38,9,0.7246444279616163,0.01288970277296825,0.72405833
234,38,10,0.293564941169239,0.00480171243120512,0.29317784
235,38,11,0.3495657832366937,0.0066676417766640406,0.34859914
236,38,12,0.658332304153208,0.006628710611370152,0.65910786
237,38,13,0.3560590518409058,0.006841354484859371,0.35515597
238,38,14,0.4072532172732889,0.007676231215542545,0.40591836
239,38,15,0.6910699877562483,0.005700324670454646,0.69201165
240,39,0,0.6971614792535387,0.013168232904916602,0.69713414
241,39,1,0.6430149741290552,0.006345757364424575,0.64325655
242,39,2,0.7077122461767734,0.005477320387860448,0.7071064
243,39,3,0.6420866594121293,0.006751597374717425,0.6418863
244,39,4,0.4228168874860209,0.0056045277510952275,0.42380613
245,39,5,0.28740792697381695,0.005918643930901086,0.28833672
246,39,6,0.7560803000938267,0.004591834353325698,0.75587755
247,39,7,0.6270224506687726,0.012254357910859905,0.626465
248,39,8,0.2046724735056085,0.0037701930448325333,0.20489067
249,39,9,0.7250009810723537,0.012885791590276821,0.7253353
250,39,10,0.2940174608031678,0.004797710481902197,0.29462537
251,39,11,0.3503816125839137,0.00662158037874495,0.35060787
252,39,12,0.6575216332406172,0.00658305441835449,0.6572143
253,39,13,0.35682687573147137,0.00679397438304429,0.35703498
254,39,14,0.4080913646784307,0.007647974755176115,0.40825218
255,39,15,0.6902977181135708,0.005651948342994733,0.68984985
256,40,0,0.6975833732578205,0.013144357228348221,0.70059913
257,40,1,0.6429396645016426,0.006323332991033041,0.6425525
258,40,2,0.7070144749331159,0.005498332129244621,0.7061108
259,40,3,0.6413095324720602,0.0067265149740791935,0.63958746
260,40,4,0.4232646880844115,0.005589513423679077,0.42382362
261,40,5,0.28777177473957505,0.005890516211194506,0.2898105
262,40,6,0.7553547533135185,0.004620009690400895,0.7550015
263,40,7,0.6275715249423088,0.012250705646087523,0.6302274
264,40,8,0.20538250112977663,0.0038133334982535573,0.20534256
265,40,9,0.7253383154739627,0.012855977247138755,0.7280962
266,40,10,0.29445503207062856,0.0047757070773495605,0.29620555
267,40,11,0.35115442320320706,0.006601291547475055,0.352828
268,40,12,0.6567539193131104,0.006568565348949782,0.6552201
269,40,13,0.35755363846569355,0.006762877539283953,0.35943878
270,40,14,0.40888690672688327,0.007607052970268124,0.4107274
271,40,15,0.6895672431437478,0.005659587047445576,0.6883557
272,41,0,0.6979841424511928,0.013141777236114701,0.70225513
273,41,1,0.6428893297224936,0.006312262333028818,0.64057434
274,41,2,0.7063539429778036,0.0055305008377754625,0.7051268
275,41,3,0.6405719924121666,0.006783602005169637,0.6387114
276,41,4,0.42369853912316036,0.005574343815812472,0.42571867
277,41,5,0.2881240947753464,0.0058970305434319975,0.28972742
278,41,6,0.7546686611648215,0.004648614182007269,0.75348544
279,41,7,0.6280940595225614,0.01224392871862117,0.6324825
280,41,8,0.20605388127899413,0.0038240609652970105,0.2074242
281,41,9,0.7256579560076016,0.012842929678474902,0.7303513
282,41,10,0.2948787277764023,0.004792532531879386,0.29650438
283,41,11,0.3518876204000446,0.0066624193972671985,0.35371283
284,41,12,0.6560257610484941,0.0066229700741188965,0.6543061
285,41,13,0.35824265083723544,0.006819930192974159,0.3601414
286,41,14,0.4096431862260592,0.00762917873915272,0.41210058
287,41,15,0.688875241347862,0.005714493553368065,0.68749416
288,42,0,0.6983653817952563,0.01318323095577089,0.6975306
289,42,1,0.6428615440708532,0.006402441099010559,0.6419971
290,42,2,0.7057277308354781,0.005574751329424996,0.7032828
291,42,3,0.6398709788254657,0.0068338439951508515,0.6373382
292,42,4,0.4241193798915405,0.0055936389475244085,0.42538485
293,42,5,0.28846579265183914,0.005883845037189374,0.28971428
294,42,6,0.7540190221397369,0.004738481580225595,0.7519708
295,42,7,0.6285920459796934,0.012303018817702635,0.62854666
296,42,8,0.20668949398147674,0.0039633762900229885,0.20864432
297,42,9,0.7259612664945494,0.01290316257709896,0.7250685
298,42,10,0.2952894901539161,0.004797578522518724,0.29568222
299,42,11,0.3525842700198898,0.006717060838206497,0.35524344
300,42,12,0.6553340950229345,0.006674568125260371,0.6526414
301,42,13,0.35889688676169995,0.00686125048852456,0.3614169
302,42,14,0.41036320766931567,0.007679343169532459,0.41274637
303,42,15,0.688218718226189,0.005766061313849382,0.68563265
304,43,0,0.6987285273052214,0.013187606319121673,0.7015029
305,43,1,0.6428540988139883,0.006396139150071254,0.6403644
306,43,2,0.7051332027612462,0.005715269005669774,0.7019548
307,43,3,0.6392037317757463,0.006919148110472475,0.6354752
308,43,4,0.4245280366917686,0.005584320774088971,0.42719388
309,43,5,0.28879765018151116,0.005863855060376748,0.2904067
310,43,6,0.7534031095660183,0.004898123782642507,0.7504563
311,43,7,0.6290672768008353,0.0122892776500588,0.6323819
312,43,8,0.20729196457773486,0.004141522651109927,0.21016473
313,43,9,0.7262494731595653,0.012912648663716305,0.7291662
314,43,10,0.2956881496390589,0.00477946081972463,0.29724783
315,43,11,0.35324713768745397,0.0068213544147980405,0.3569825
316,43,12,0.6546761569354111,0.006788357578263418,0.6510452
317,43,13,0.359519023114616,0.006933423911458924,0.36318222
318,43,14,0.4110496779593096,0.007710833641306178,0.41498834
319,43,15,0.6875949695133539,0.005912084741461966,0.6844417
320,44,0,0.699074876828954,0.013173763728764281,0.6995437
321,44,1,0.6428649809371744,0.006470978591286149,0.6430845
322,44,2,0.7045679752246657,0.005901268551828985,0.7024577
323,44,3,0.6385677574572111,0.007089590010638478,0.63633233
324,44,4,0.42492523926989667,0.005629993269498199,0.42636296
325,44,5,0.2891203444193481,0.005852095753074426,0.29089504
326,44,6,0.7528184431175519,0.0051305310186233345,0.7511706
327,44,7,0.6295213708461885,0.012294191772237817,0.6303163
328,44,8,0.20786368914764355,0.004403489356721958,0.2096137
329,44,9,0.7265236831390304,0.012898987639106302,0.7268484
330,44,10,0.2960754406969152,0.004780275491323322,0.29739505
331,44,11,0.3538787229491047,0.007000796004113518,0.35596356
332,44,12,0.6540494477923108,0.00696325327543624,0.65212685
333,44,13,0.36011147424294027,0.007083779035985704,0.3623688
334,44,14,0.41170504134543895,0.00784251017762856,0.4141749
335,44,15,0.6870015489085494,0.006082858043892139,0.6850583
336,45,0,0.6994056070628561,0.013151002635403699,0.7031997
337,45,1,0.6428923545311156,0.0064489873577374636,0.64137024
338,45,2,0.7040298892103202,0.005948175496684211,0.70125216
339,45,3,0.6379607982810153,0.0071102971611205395,0.6337318
340,45,4,0.42531163461712634,0.005620759837183082,0.4268338
341,45,5,0.2894344636054018,0.0058446046341763,0.29274198
342,45,6,0.7522627635412706,0.005177272229995169,0.7498411
343,45,7,0.6299557944770701,0.01227105979572644,0.63420117
344,45,8,0.20840685713311394,0.004473375640858971,0.21087317
345,45,9,0.7267848994730569,0.01287832096932595,0.7302609
346,45,10,0.296452015235055,0.004772361485153266,0.29862392
347,45,11,0.35448128905189674,0.007015822888049519,0.35852477
348,45,12,0.6534517043632436,0.006972868862947628,0.6493542
349,45,13,0.3606764219530999,0.007099920972747133,0.36491254
350,45,14,0.4123315095791223,0.00785171298553536,0.41691837
351,45,15,0.6864362397461661,0.006112660657648534,0.68310493
352,46,0,0.6997217877432428,0.013165195652178557,0.70516616
353,46,1,0.6429345443451558,0.006457436948320023,0.6406195
354,46,2,0.7035169858631903,0.006033686293642447,0.7014155
355,46,3,0.6373808067514037,0.007271636761164227,0.63435566
356,46,4,0.4256877986275174,0.005613384614068084,0.42772156
357,46,5,0.2897405205914395,0.005907065639321294,0.29181194
358,46,6,0.751734010236791,0.005276669001651894,0.749707
359,46,7,0.6303718793558833,0.012305280319809665,0.6360277
360,46,8,0.2089234714799434,0.004596180722135661,0.2109169
361,46,9,0.7270340334977666,0.012880169289738832,0.73210204
362,46,10,0.2968184540142778,0.004796375248745236,0.2983586
363,46,11,0.3550568889764784,0.007166889695747904,0.35808018
364,46,12,0.6528808733188236,0.007136486648473895,0.6499956
365,46,13,0.36121584163982706,0.007252192016335772,0.36426386
366,46,14,0.41293108806743983,0.007993463386042786,0.4168732
367,46,15,0.6858970301056206,0.006243076320427185,0.68332505
368,47,0,0.7000243936546164,0.013238983953823122,0.70181924
369,47,1,0.6429900211497699,0.006498545479684736,0.64243
370,47,2,0.7030274850578451,0.006052796107866558,0.70167637
371,47,3,0.6368259225987796,0.007309971628437777,0.63520116
372,47,4,0.42605424598312625,0.005618631995296356,0.42621574
373,47,5,0.2900389641762217,0.005901768516861353,0.29116327
374,47,6,0.751230301355504,0.005321673368277486,0.7496516
375,47,7,0.6307708376177392,0.01239515833942974,0.6330233
376,47,8,0.20941536658986612,0.004648846383566183,0.21139067
377,47,9,0.7272719152566246,0.01293466053110149,0.7290773
378,47,10,0.2971752763788835,0.0047914713814098215,0.29847378
379,47,11,0.3556073882433519,0.007210088972447252,0.35716763
380,47,12,0.6523350885496592,0.0071746599285058285,0.65085566
381,47,13,0.3617315251079441,0.007286708173844204,0.36338192
382,47,14,0.41350559864509084,0.008059578545700555,0.4157376
383,47,15,0.6853820909190003,0.006285751709467083,0.68404955
384,48,0,0.7003143149097215,0.013212397719109129,0.7057872
385,48,1,0.6430573886383562,0.00647920277474804,0.64091253
386,48,2,0.7025597665196665,0.0060299853215900956,0.69918656
387,48,3,0.6362944527202877,0.0072795240220678,0.632051
388,48,4,0.4264114385595016,0.005615475587607738,0.42838484
389,48,5,0.29033018869085375,0.0058829325322174745,0.29318804
390,48,6,0.7507499161191233,0.00532689670381495,0.74767494
391,48,7,0.6311537749225751,0.012371153188664186,0.6363936
392,48,8,0.20988422434147486,0.004687235406520996,0.2128309
393,48,9,0.7274993023642945,0.012908129790776813,0.73275805
394,48,10,0.2975229485681012,0.004781111218590532,0.29935715
395,48,11,0.3561344849331195,0.007179295946684685,0.36046794
396,48,12,0.651812651238619,0.007143329409133628,0.647621
397,48,13,0.36222510055078516,0.007255538503632663,0.36654374
398,48,14,0.4140566994681486,0.008035662714811447,0.41880757
399,48,15,0.6848897566903918,0.006257180478677562,0.68130904
400,49,0,0.7005923658329253,0.013271648651579702,0.70100147
401,49,1,0.6431353716573033,0.006502860690806635,0.64263994
402,49,2,0.702112353172776,0.006124856852681256,0.6993834
403,49,3,0.6357848535470378,0.0073844980427404255,0.6332143
404,49,4,0.4267597925879117,0.0056181575322625755,0.4280831
405,49,5,0.29061454211324766,0.005905114165963908,0.29151312
406,49,6,0.7502912790915159,0.005435231438248629,0.74842566
407,49,7,0.6315217017680728,0.01242254149734782,0.6328644
408,49,8,0.21033158840787877,0.004796757543705781,0.21210933
409,49,9,0.7277168876346244,0.012958425574688312,0.72817636
410,49,10,0.2978618908246497,0.00478397233662956,0.29832506
411,49,11,0.3566397272955247,0.0072979508166152954,0.35920992
412,49,12,0.651312012320345,0.007256204179557023,0.6487522
413,49,13,0.3626980500767044,0.007360139382904809,0.3653892
414,49,14,0.4145859024440588,0.008134604417677091,0.41751313
415,49,15,0.6844185084910341,0.006357108840735737,0.6816662
416,50,0,0.7008592926954718,0.01325525609189092,0.7023338
417,50,1,0.6432228055946351,0.006483823756441851,0.6422405
418,50,2,0.7016838964312556,0.006157195686033354,0.69995916
419,50,3,0.6352957155137455,0.007377495470234695,0.63426965
420,50,4,0.42709968476822596,0.005608545364115565,0.42704958
421,50,5,0.29089233294248534,0.005888357050774205,0.28988338
422,50,6,0.7498529461694167,0.0054394596485645924,0.74771863
423,50,7,0.631875543355326,0.012398598856819603,0.63283676
424,50,8,0.2107588770709604,0.004799846543237301,0.21281779
425,50,9,0.7279253057029939,0.012942478218281931,0.72950727
426,50,10,0.2981924834808343,0.00477267405091199,0.29798543
427,50,11,0.3571245292672551,0.007292756506250594,0.35827258
428,50,12,0.6508317570142361,0.00725362129595313,0.6496676
429,50,13,0.3631517251158159,0.007355269903887882,0.36424053
430,50,14,0.4150945885429925,0.008124148933017078,0.41592565
431,50,15,0.6839669589389068,0.0063822262980423065,0.6824869
432,51,0,0.7011157804933873,0.013231070371175536,0.704156
433,51,1,0.6433186267876879,0.006470795862374788,0.6419621
434,51,2,0.7012731631873996,0.00613604651609145,0.7000394
435,51,3,0.6348257493538415,0.007334243327757991,0.63339067
436,51,4,0.42743145749330475,0.0056114019948342525,0.42849854
437,51,5,0.29116383602548523,0.005925772849152211,0.29198834
438,51,6,0.7494335920864587,0.005453640119685005,0.7481239
439,51,7,0.6322161482363357,0.012379029992575256,0.6352799
440,51,8,0.2111673947071975,0.004814593977031088,0.21240671
441,51,9,0.7281251388172284,0.012918572597978868,0.73100436
442,51,10,0.29851507217400863,0.004775412310151107,0.2991108
443,51,11,0.3575901841724085,0.007250242936044129,0.35891253
444,51,12,0.6503705911614447,0.007212125812921409,0.64890814
445,51,13,0.3635873599898924,0.007312908246349335,0.3649417
446,51,14,0.41558402128038796,0.008083031075813605,0.41752478
447,51,15,0.6835338389102773,0.006349565934821322,0.682
448,52,0,0.7013624589176257,0.01321750141336885,0.698793
449,52,1,0.6434218638329787,0.006464902302226973,0.64333236
450,52,2,0.700879024283278,0.00610154909195323,0.6995933
451,52,3,0.6343737739827825,0.007298164340934791,0.63336587
452,52,4,0.4277554233193547,0.005601454009587902,0.42866036
453,52,5,0.2914292974972588,0.005909448021019492,0.290328
454,52,6,0.7490319992506471,0.005427899371648409,0.74783385
455,52,7,0.6325442959264906,0.012366055753556468,0.6307012
456,52,8,0.21155834209812505,0.004787809284180698,0.2130452
457,52,9,0.7283169219318022,0.012903062987708333,0.7255496
458,52,10,0.2988299723197725,0.004763770351441629,0.29847378
459,52,11,0.3580378768406732,0.007212391551241034,0.35924926
460,52,12,0.649927329134064,0.007177408658735789,0.6486152
461,52,13,0.36400608388722194,0.007275608406097233,0.36507142
462,52,14,0.4160553586157501,0.00805073975125441,0.4164388
463,52,15,0.6831179857645329,0.006319334764665153,0.68174344
464,53,0,0.7015999076358989,0.013285478589526339,0.7017536
465,53,1,0.6435316296990015,0.006449237548238572,0.64422303
466,53,2,0.7005004442802142,0.006069621410919513,0.7002959
467,53,3,0.633938705765788,0.007259823412619681,0.6339985
468,53,4,0.42807186879524467,0.005592054716867215,0.4280481
469,53,5,0.2916889389704653,0.005943771702568239,0.29192567
470,53,6,0.7486470477580391,0.005399210041922031,0.7485525
471,53,7,0.632860703630798,0.01241439460060227,0.6334563
472,53,8,0.21193282569938526,0.00476988546787038,0.2125204
473,53,9,0.7285011472115496,0.012983591937491002,0.728621
474,53,10,0.29913747295177745,0.004769694907418371,0.29954228
475,53,11,0.3584686943453676,0.007175347332386376,0.358414
476,53,12,0.6495008831167564,0.00714217559704323,0.64967203
477,53,13,0.3644089314496432,0.007238170222617643,0.3645073
478,53,14,0.4165096634760397,0.008018155358771598,0.41646063
479,53,15,0.682718332892875,0.006286455429471255,0.6827391
480,54,0,0.701828660983119,0.013272107032102012,0.70389795
481,54,1,0.6436471145566522,0.006444141576123173,0.6412609
482,54,2,0.7001364723653503,0.006029697751529235,0.69841546
483,54,3,0.6335195489945988,0.007227463751482509,0.63098836
484,54,4,0.4283810577461051,0.005593832910661566,0.42910933
485,54,5,0.291942961088759,0.005933149748518822,0.29302332
486,54,6,0.7482777064452321,0.005356877843476385,0.7466618
487,54,7,0.6331660322062993,0.012398748500863267,0.63569534
488,54,8,0.21229186598565522,0.00473026171197239,0.2138003
489,54,9,0.7286782680301133,0.012971260625384728,0.7308863
490,54,10,0.2994378400206533,0.004759994754518887,0.2999927
491,54,11,0.3588836355355225,0.007141616105172694,0.36120847
492,54,12,0.6490902535884224,0.007109256212545685,0.64681923
493,54,13,0.3647968521497761,0.007206105106866943,0.36740088
494,54,14,0.41694791308152657,0.007993343564927164,0.4196589
495,54,15,0.6823339004267258,0.006247036915153799,0.68024635
496,55,0,0.7020492121402224,0.013251581943086862,0.7003878
497,55,1,0.6437675792532612,0.006469786549058944,0.6450146
498,55,2,0.6997862342557196,0.006011520022163667,0.7003251
499,55,3,0.633115387421969,0.007221988373939111,0.6343848
500,55,4,0.4286832340918573,0.005585648532892407,0.42691836
501,55,5,0.29219154654072016,0.005917776631628369,0.28968805
502,55,6,0.7479230248605562,0.005343448057037291,0.7481035
503,55,7,0.633460891462613,0.012382043292988167,0.63130176
504,55,8,0.21263640497425473,0.00471376334729158,0.2126618
505,55,9,0.7288487025325826,0.012951405559359938,0.72759914
506,55,10,0.29973131923077573,0.0047498739555104025,0.29837462
507,55,11,0.3592836195123799,0.0071306567584677304,0.3581866
508,55,12,0.6486945208548985,0.00709814473227811,0.6497478
509,55,13,0.3651707186117129,0.007201014118080655,0.3639111
510,55,14,0.4173710072265593,0.007982297903091793,0.41541255
511,55,15,0.6819637869634829,0.006236475563172027,0.68275803
512,56,0,0.7022620168677672,0.013276489569542697,0.69563705
513,56,1,0.6438923493655386,0.006478406624188728,0.6474038
514,56,2,0.6994489249786184,0.005983407010826729,0.7010773
515,56,3,0.6327253767231711,0.007219992225380425,0.63580173
516,56,4,0.4289786242690312,0.005651975550355444,0.4251618
517,56,5,0.29243486261628615,0.0060200844771878285,0.28945774
518,56,6,0.747582126048924,0.005306181548554196,0.7480321
519,56,7,0.6337458448862324,0.012431888664590662,0.6274767
520,56,8,0.21296731301765218,0.004675799057397495,0.21270117
521,56,9,0.7290128368196601,0.01296684042577583,0.72281486
522,56,10,0.30001813848192416,0.004792707680712756,0.2974621
523,56,11,0.35966949318033453,0.007121803064486963,0.35690233
524,56,12,0.6483128375036903,0.007086696917896575,0.6510554
525,56,13,0.36553133400737087,0.00720287417816905,0.36230466
526,56,14,0.41777977564629354,0.008018179407113513,0.41384256
527,56,15,0.6816071621860583,0.0062133228260293745,0.68382215
528,57,0,0.7024674968501607,0.01353102938789689,0.69877696
529,57,1,0.644020809774516,0.006590679595125682,0.64625365
530,57,2,0.6991238024229272,0.005985700562542227,0.70177406
531,57,3,0.6323487377713664,0.007295592897931929,0.6354985
532,57,4,0.4292674393139147,0.005854404057875904,0.4261443
533,57,5,0.2926730633750947,0.006139280221109545,0.28949127
534,57,6,0.7472542000583903,0.005273390300547343,0.74919534
535,57,7,0.6340214138611104,0.012687436945373649,0.62960494
536,57,8,0.21328539494413723,0.004642034809369047,0.21213265
537,57,9,0.7291710278012646,0.01320177674063216,0.7262245
538,57,10,0.30029850997297236,0.0049022512093992755,0.2981924
539,57,11,0.36004203798493667,0.007179086031191494,0.35688776
540,57,12,0.6479444216689308,0.0071406664181984355,0.6510102
541,57,13,0.3658794386427467,0.007294037174450591,0.3627449
542,57,14,0.41817498458234464,0.008156156948782831,0.41410786
543,57,15,0.6812632602688448,0.0062396639047363825,0.6840219
544,58,0,0.7026660426979054,0.013601162435734688,0.69976676
545,58,1,0.6441523997121533,0.00662273028028426,0.6450408
546,58,2,0.6988101815697323,0.006030881388275393,0.70158166
547,58,3,0.631984750628734,0.007363954681859763,0.63539356
548,58,4,0.42954987665638017,0.005974442996747472,0.42724052
549,58,5,0.29290629148559755,0.006255528562854157,0.28923178
550,58,6,0.7469384980878409,0.00528252702820308,0.7490831
551,58,7,0.6342880814473854,0.012802695335778437,0.63087755
552,58,8,0.21359139561641996,0.004628533457463116,0.21202041
553,58,9,0.7293236057600108,0.01324891516480521,0.7265554
554,58,10,0.30057263201634776,0.004967880839811227,0.29861954
555,58,11,0.36040197593565987,0.007247848651064252,0.35730904
556,58,12,0.6475885510094871,0.007202786550956157,0.6505758
557,58,13,0.3662157158329715,0.007366714912249652,0.36287463
558,58,14,0.4185573426449826,0.008282822088188228,0.41475073
559,58,15,0.6809313739767255,0.006287475853884079,0.683793
560,59,0,0.7028580166483712,0.013634649365340123,0.6989971
561,59,1,0.6442866082349172,0.006613480129571623,0.64624345
562,59,2,0.6985074293224314,0.006075051317726818,0.7027653
563,59,3,0.6316327491681721,0.007436045339442827,0.636758
564,59,4,0.4298261216663755,0.006030956466235884,0.427449
565,59,5,0.29313467978486923,0.006389215112272441,0.2889694
566,59,6,0.7466343272051266,0.005297273437049319,0.74977845
567,59,7,0.6345462957712802,0.012860460911472115,0.63005537
568,59,8,0.21388600496962745,0.004629067731277184,0.21149854
569,59,9,0.7294708766589769,0.013283442271619166,0.7265773
570,59,10,0.3008406906048334,0.00501651534526033,0.29835132
571,59,11,0.3607499749983124,0.007303345831367406,0.3557449
572,59,12,0.6472445573158248,0.007251731368078448,0.6521589
573,59,13,0.36654079715190446,0.007439915898795002,0.3613615
574,59,14,0.4189275060564018,0.008376475519167138,0.41310787
575,59,15,0.6806108493758125,0.006332947064148907,0.68520844
576,60,0,0.7030437549999248,0.013694490448843886,0.6971997
577,60,1,0.6444229700844893,0.006629848164599725,0.646965
578,60,2,0.6982149598667217,0.006203060695266649,0.7011137
579,60,3,0.6312921162514715,0.007605967167715298,0.6346793
580,60,4,0.4300963489888419,0.006083182404207276,0.4267799
581,60,5,0.2933583526014829,0.00653927660806746,0.28989506
582,60,6,0.7463410455735454,0.005359610772916216,0.7487041
583,60,7,0.6347964730718807,0.01295325020718426,0.6284169
584,60,8,0.214169862582957,0.004665451890647341,0.2121312
585,60,9,0.7296131242232783,0.013316439910542382,0.7242478
586,60,10,0.3011028607662043,0.005087520755944449,0.29794022
587,60,11,0.36108665393095746,0.007467075087274077,0.35766762
588,60,12,0.6469118216721613,0.007407911337354816,0.65025216
589,60,13,0.36685526713072714,0.007620258881758207,0.36340526
590,60,14,0.419286083348425,0.008588752508089817,0.41470408
591,60,15,0.6803010810850082,0.0064796551097110145,0.68340814
592,61,0,0.7032235703095526,0.0138286694650824,0.7010787
593,61,1,0.6445610618999875,0.006663950990683929,0.6456895
594,61,2,0.6979322304997156,0.0062355224729843005,0.701086
595,61,3,0.6309622793994144,0.007652030170022669,0.6344067
596,61,4,0.43036072369753336,0.006178818370746287,0.42805102
597,61,5,0.29357742687742183,0.0066246302365216845,0.29151604
598,61,6,0.746058058132049,0.005374256195074123,0.7484796
599,61,7,0.6350390004443524,0.01312603078406147,0.6317784
600,61,8,0.2144435618329512,0.004679266015278604,0.21250145
601,61,9,0.7297506118209134,0.01343849608079678,0.7275671
602,61,10,0.3013593077359962,0.005190860751440334,0.299207
603,61,11,0.36141258662771275,0.0075161280813058826,0.35792127
604,61,12,0.6465897701098393,0.007452870305352093,0.65007144
605,61,13,0.3671596674703051,0.007672954623734311,0.3636035
606,61,14,0.419633639578425,0.008692246792008796,0.41598544
607,61,15,0.6800015080064891,0.006517676284884811,0.6833105
608,62,0,0.7033977533801523,0.013824850648398914,0.7005583
609,62,1,0.6447004987497612,0.006655734447928973,0.6447828
610,62,2,0.6976587378750673,0.00627443328062793,0.69801897
611,62,3,0.630642706897485,0.007693716291464454,0.63145775
612,62,4,0.43061940229372947,0.0062126151524788675,0.4290073
613,62,5,0.2937920131195599,0.00663619763180237,0.29263848
614,62,6,0.7457848126810595,0.005388024972319928,0.74595624
615,62,7,0.6352742383139536,0.013149734941500872,0.6330102
616,62,8,0.21470765367086278,0.004686015154013896,0.21438776
617,62,9,0.7298835841649858,0.013440675056044816,0.72669244
618,62,10,0.30161018797428873,0.0052261362941298795,0.30076092
619,62,11,0.36172830602661177,0.007561241057924814,0.36088777
620,62,12,0.6462778696959882,0.00749745781491141,0.6469038
621,62,13,0.3674545008237281,0.007722904058058282,0.3664592
622,62,14,0.41997070011901977,0.008736118209898263,0.4183061
623,62,15,0.6797116094809913,0.0065591555409872816,0.6801283
624,63,0,0.7035665750603246,0.013834591080987717,0.69981486
625,63,1,0.6448409309540699,0.0066391208530840245,0.6450146
626,63,2,0.6973940146176122,0.006239721235156546,0.6978134
627,63,3,0.6303329042879775,0.007659981604578433,0.63194317
628,63,4,0.4308725335720115,0.006218074795060853,0.42923906
629,63,5,0.29400221620663597,0.006621379677494656,0.2916079
630,63,6,0.7455207963314449,0.005355737115994468,0.74529445
631,63,7,0.6355025226707879,0.013145060766747535,0.6317726
632,63,8,0.2149626500617746,0.004655687326402331,0.21567784
633,63,9,0.7300122688565593,0.013465292594264305,0.72639215
634,63,10,0.30185565004861786,0.005216726532479447,0.2998105
635,63,11,0.36203430763064237,0.007528081898614088,0.3605306
636,63,12,0.6459756250085493,0.007462778544348685,0.6472741
637,63,13,0.3677402341982541,0.00769173755935345,0.36607727
638,63,14,0.4202977540700216,0.008712261012871274,0.41792712
639,63,15,0.6794309018205172,0.006522471018101413,0.6801531
640,64,0,0.7037302878766679,0.013865150476119149,0.7028615
641,64,1,0.6449820411727952,0.006623395670886412,0.64360493
642,64,2,0.6971376262667625,0.0062067419099082885,0.6972755
643,64,3,0.630032411205432,0.007639024142323426,0.6301443
644,64,4,0.4311202593720358,0.006222543993101932,0.42982215
645,64,5,0.2942081360737364,0.006640677350889804,0.2937901
646,64,6,0.7452655322791439,0.005326641937914449,0.7453455
647,64,7,0.6357241670914764,0.013175653220384383,0.634586
648,64,8,0.21520902711893075,0.004632726774190197,0.21529593
649,64,9,0.7301368777850156,0.013497887817376063,0.7295714
650,64,10,0.3020958354019178,0.005241481512934681,0.30182216
651,64,11,0.36233105268496507,0.007505477134330764,0.36229593
652,64,12,0.645682574954821,0.007437069724686749,0.6456808
653,64,13,0.3680173020196658,0.007672695487213367,0.36781925
654,64,14,0.4206152573350198,0.00870474766466823,0.4203659
655,64,15,0.6791589351769165,0.006489164670918026,0.67944026
656,65,0,0.703889127516123,0.013840291801589601,0.7034184
657,65,1,0.64512354173488,0.0066224948858643355,0.6429271
658,65,2,0.6968891685128664,0.006174786295676899,0.6948805
659,65,3,0.6297407985176436,0.007604277938436534,0.62754226
660,65,4,0.43136271523246283,0.006217615394340446,0.43013412
661,65,5,0.294409868292969,0.0066156859850994175,0.29442856
662,65,6,0.7450185768722454,0.0052972195735341504,0.7435846
663,65,7,0.6359394645706795,0.013150843931443957,0.6358265
664,65,8,0.21544722796304827,0.004604571735589945,0.2165102
665,65,9,0.7302576084007135,0.013473035012668099,0.7297624
666,65,10,0.3023308790216558,0.005224219703434709,0.3015554
667,65,11,0.36261897104801716,0.007471141247768086,0.3646793
668,65,12,0.6453982898959377,0.0074034322703468314,0.64347374
669,65,13,0.3682861088966818,0.007637768546075444,0.37048396
670,65,14,0.4209236353997015,0.008665927141627307,0.42247522
671,65,15,0.6788952907098627,0.006455236653532233,0.6769723
672,66,0,0.7040433141738484,0.013813733721315589,0.7047026
673,66,1,0.645265172188417,0.00664092360679258,0.64317054
674,66,2,0.6966482646950686,0.0061789379744513935,0.6950131
675,66,3,0.6294576657390911,0.007601630051269987,0.62755394
676,66,4,0.43160003096086086,0.006210818028414741,0.43099707
677,66,5,0.2946075045661998,0.006589989918301003,0.29445773
678,66,6,0.7447795169410975,0.005291741057940688,0.74356705
679,66,7,0.6361486891826365,0.013119950383787892,0.63714576
680,66,8,0.2156776653331368,0.004589807095454512,0.21646939
681,66,9,0.7303746448730162,0.013448703193646034,0.7307245
682,66,10,0.3025609100239858,0.005212902945670271,0.30185276
683,66,11,0.36289846378962864,0.007466009640806728,0.36489213
684,66,12,0.6451223690442556,0.007396116886732723,0.6433003
685,66,13,0.36854703211842194,0.007633110423842047,0.37047085
686,66,14,0.4212232858444648,0.008640325161439484,0.4229373
687,66,15,0.6786395780221367,0.006453550293538349,0.6768659
688,67,0,0.7041930537802694,0.013786628194530892,0.70071864
689,67,1,0.645406697052326,0.0066541282876002,0.64572155
690,67,2,0.6964145635329588,0.0061710230579341,0.69661516
691,67,3,0.6291826386876348,0.007590675547223766,0.630156
692,67,4,0.43183233113138314,0.006194920367742129,0.4293513
693,67,5,0.2948011331433116,0.006565740104627934,0.2929796
694,67,6,0.7445479673653278,0.005280008666922354,0.74384403
695,67,7,0.6363520975904534,0.01309111546126663,0.6332274
696,67,8,0.21590072397250487,0.004570105587847538,0.2165758
697,67,9,0.7304881591452019,0.013422639491722177,0.7266035
698,67,10,0.3027860521647483,0.005200892314002126,0.301242
699,67,11,0.3631699055452796,0.007458242406012132,0.3622551
700,67,12,0.6448544381045902,0.007385665096250713,0.6456283
701,67,13,0.3688004239138917,0.0076209787429451685,0.36785424
702,67,14,0.42151458061991354,0.008617874366450439,0.42003497
703,67,15,0.6783914328339598,0.006446534445264083,0.67878425
704,68,0,0.7043385391194057,0.013805179517750753,0.7016691
705,68,1,0.6455479037523281,0.006640431568049468,0.6442784
706,68,2,0.6961877370675643,0.006141970142004472,0.6953018
707,68,3,0.6289153673588006,0.007564736457443152,0.62900877
708,68,4,0.43205973552031895,0.00622120429046789,0.4310656
709,68,5,0.29499083917741825,0.006565762073891053,0.29370263
710,68,6,0.744323568854538,0.005259040915234132,0.74307287
711,68,7,0.6365499304188221,0.013101727474866542,0.63361955
712,68,8,0.21611676281112652,0.004549273270635005,0.2174694
713,68,9,0.7305983118964909,0.013456451006109175,0.72781193
714,68,10,0.30300642428744673,0.005205255112987247,0.30204958
715,68,11,0.3634336466521831,0.00743199203218,0.36345044
716,68,12,0.6445941471336827,0.0073585586873473755,0.64446354
717,68,13,0.36904661349896783,0.007595054141077272,0.36893147
718,68,14,0.4217978681104121,0.008595399461516967,0.4211385
719,68,15,0.6781505148714344,0.006416231473553761,0.6774388
720,69,0,0.7044799508491869,0.013804808136439277,0.70916766
721,69,1,0.6456886007255388,0.006635384304903477,0.6424417
722,69,2,0.6959674787900905,0.006120503144472646,0.69392127
723,69,3,0.6286555239949944,0.007534476864502177,0.6262245
724,69,4,0.432282359488151,0.006209424517377534,0.4330306
725,69,5,0.2951767050267258,0.006553932189433938,0.29648104
726,69,6,0.7441059859219865,0.005248220848828524,0.7425612
727,69,7,0.6367424135040002,0.013106050624940116,0.6409971
728,69,8,0.21632611696332105,0.004541792936598536,0.21737318
729,69,9,0.7307052534202492,0.01346128262554855,0.7347653
730,69,10,0.3032221407168727,0.0051966541171953665,0.30393
731,69,11,0.36369001508984605,0.00740203849835003,0.36595044
732,69,12,0.6443411685952849,0.007329430208716266,0.6422391
733,69,13,0.36928590893332053,0.007564628078638629,0.3716341
734,69,14,0.42207347500787934,0.008564226794250429,0.42479154
735,69,15,0.6779165059470623,0.006390840955999009,0.6759723
736,70,0,0.7046174584333064,0.013839423789953263,0.7052828
737,70,1,0.6458286156794244,0.00668261217497398,0.64279884
738,70,2,0.6957535019393004,0.006123431506513671,0.6937449
739,70,3,0.6284028013296183,0.007537655729353049,0.62672156
740,70,4,0.43250031431551517,0.006195271361501304,0.43278134
741,70,5,0.2953588105112701,0.006542029791702736,0.29540816
742,70,6,0.7438949050328004,0.005244029062401457,0.7415525
743,70,7,0.6369297590333428,0.013129068106902007,0.63812244
744,70,8,0.2165290995577475,0.0045274273582117325,0.21847376
745,70,9,0.7308091244264541,0.013480739964778438,0.73138195
746,70,10,0.3034333116058127,0.005185151495577986,0.30414867
747,70,11,0.3639393182451496,0.007401849391384681,0.36565453
748,70,12,0.6440951955908585,0.0073266501286316475,0.64214575
749,70,13,0.369518598807074,0.007563947509335226,0.3711283
750,70,14,0.4223417080154249,0.008565698627608595,0.42404664
751,70,15,0.6776891082128317,0.006388518127405185,0.6757245
752,71,0,0.7047512209930988,0.013814234733190213,0.7045729
753,71,1,0.6459677939921581,0.006717328453176047,0.64305395
754,71,2,0.6955455379505932,0.00612398400716762,0.69429886
755,71,3,0.6281569109883641,0.007523349150757492,0.62713265
756,71,4,0.4327137074993911,0.006178453286631692,0.43301457
757,71,5,0.2955372331315036,0.00652036289592172,0.29411954
758,71,6,0.7436900329102208,0.005263411782916516,0.74246067
759,71,7,0.637112166585273,0.01310366510672383,0.6369694
760,71,8,0.21672600341498238,0.004536233721460712,0.21792275
761,71,9,0.7309100567756215,0.013456430576670226,0.7304621
762,71,10,0.3036400432412099,0.005174025876661565,0.3029344
763,71,11,0.36418184451968644,0.007388970079286129,0.36521867
764,71,12,0.6438559402481739,0.007319585764848535,0.64275074
765,71,13,0.3697449537747016,0.007547377287458762,0.3707857
766,71,14,0.42260285539815684,0.008545799872547687,0.42340526
767,71,15,0.677468042568579,0.0063857092692910416,0.6761064
768,72,0,0.7048813880870229,0.013790238302451735,0.7048032
769,72,1,0.6461059972425784,0.006744751018423936,0.6442289
770,72,2,0.6953433350417423,0.0061077185653729835,0.6939271
771,72,3,0.6279175820319632,0.007500306216426801,0.6261749
772,72,4,0.4329226430149448,0.006162343313440934,0.43157873
773,72,5,0.2957120482546441,0.006512311970341612,0.29573324
774,72,6,0.7434910949851233,0.005250521671385554,0.7422449
775,72,7,0.6372898240793803,0.013077501581410847,0.6377187
776,72,8,0.21691710258641408,0.0045241835229780855,0.21823761
777,72,9,0.7310081741506248,0.013434719624039417,0.73074925
778,72,10,0.3038424383152424,0.005163476332764024,0.30289942
779,72,11,0.3644178647950931,0.007366578331397255,0.3663105
780,72,12,0.6436231322520894,0.007298684248832599,0.64186007
781,72,13,0.3699652279516427,0.007523875395650572,0.37165305
782,72,14,0.4228571883965188,0.008516998367308433,0.42435277
783,72,15,0.6772530472102719,0.0063697106460309,0.67581195
784,73,0,0.7050081004245304,0.013766931429657589,0.70412976
785,73,1,0.6462431018589827,0.00674438290416483,0.6436297
786,73,2,0.6951466569219196,0.006094437139507362,0.6932245
787,73,3,0.6276845596264301,0.007487410418812759,0.62616616
788,73,4,0.43312722154767797,0.00615789735643518,0.43246648
789,73,5,0.2958833292737999,0.006492045775222957,0.29534256
790,73,6,0.7432978339755812,0.005237973784447509,0.74125946
791,73,7,0.6374629086452888,0.013051782057654952,0.6369752
792,73,8,0.2171026537668243,0.004514585947818464,0.21860059
793,73,9,0.7311035926721757,0.013413060415130493,0.7297405
794,73,10,0.30404059616601525,0.005156105293434407,0.3032726
795,73,11,0.36464763377036125,0.007357110466888367,0.36625803
796,73,12,0.6433965175035372,0.007287728930269212,0.6416064
797,73,13,0.3701796601873777,0.007509149699496691,0.37154958
798,73,14,0.423104962515794,0.008495409019444632,0.4240248
799,73,15,0.6770438763045453,0.006355186844801307,0.6750612
800,74,0,0.7051314905203863,0.013747781757706145,0.7058513
801,74,1,0.6463789978769521,0.006759309362228806,0.64437175
802,74,2,0.6949552816120941,0.0060911816144090395,0.69483966
803,74,3,0.6274576038283807,0.007471084886130498,0.6275729
804,74,4,0.4333275406998636,0.006144873852580206,0.4329344
805,74,5,0.2960511477441116,0.006474287509340057,0.29504374
806,74,6,0.7431100085845967,0.005243632743277357,0.742172
807,74,7,0.6376315874179915,0.013028833680839036,0.63721573
808,74,8,0.21728289759181463,0.0045086410618386434,0.2180656
809,74,9,0.7311964214631231,0.013399145593813552,0.7319052
810,74,10,0.3042346129918877,0.005146607744073203,0.30456996
811,74,11,0.3648713911835682,0.0073426507876626175,0.36475217
812,74,12,0.643175856894284,0.007277076345697072,0.64323467
813,74,13,0.37038847522715423,0.0074901946236156005,0.37020844
814,74,14,0.42334641870388834,0.008469085420688756,0.4229446
815,74,15,0.6768402987773248,0.006351338427238112,0.6768469
816,75,0,0.705251683294888,0.013726420934041554,0.7052201
817,75,1,0.6465135877972419,0.006759596474272561,0.6438571
818,75,2,0.6947690003661738,0.006067300498039132,0.6925889
819,75,3,0.6272364884743535,0.007446251731504767,0.6252857
820,75,4,0.4335236951746958,0.006130611782705597,0.43328425
821,75,5,0.2962155734995084,0.00646123117666688,0.29582798
822,75,6,0.7429273923053206,0.005226246530221549,0.74022305
823,75,7,0.6377960182665489,0.013006372805380573,0.63786733
824,75,8,0.21745805983015706,0.0044908346480858645,0.219793
825,75,9,0.7312867631662149,0.013378573794804616,0.73060495
826,75,10,0.3044245820429031,0.0051343650255735555,0.30440086
827,75,11,0.3650893629291227,0.00731805784660237,0.36708745
828,75,12,0.6429609251863732,0.007252790764452472,0.6409213
829,75,13,0.37059188477321997,0.0074656443665689085,0.37235424
830,75,14,0.4235817844281923,0.00844294901241236,0.42515016
831,75,15,0.6766420972056703,0.006326239157205077,0.6742041
832,76,0,0.7053687966248762,0.01370547548126159,0.705793
833,76,1,0.6466467855355525,0.006772790321910919,0.6439067
834,76,2,0.6945876166833974,0.00606986167440254,0.69476676
835,76,3,0.6270210001642547,0.007437624030406713,0.6275496
836,76,4,0.43371577694108987,0.006116315463529059,0.43233237
837,76,5,0.2963766747531211,0.006443725468617734,0.2954519
838,76,6,0.7427497723241497,0.005251281752498869,0.7423163
839,76,7,0.6379563504623146,0.012983458395184735,0.63812536
840,76,8,0.2176283524801818,0.00450819988762303,0.21811517
841,76,9,0.7313747144194981,0.013360781610015514,0.73190814
842,76,10,0.3046105937922973,0.005121617280830118,0.30375218
843,76,11,0.3653017620804272,0.007310838095053476,0.36485422
844,76,12,0.6427515099863454,0.007247112002215632,0.6431516
845,76,13,0.37079008845522815,0.0074532048557924176,0.37000147
846,76,14,0.4238112746611451,0.008424368873310936,0.4233732
847,76,15,0.676449066803133,0.006333313143535912,0.6765816
848,77,0,0.7054829418499396,0.013685154982595066,0.70274633
849,77,1,0.6467785154566975,0.006786431081372438,0.6447974
850,77,2,0.6944109454034709,0.006047845526920266,0.6950583
851,77,3,0.6268109373300935,0.007416369977454532,0.6279446
852,77,4,0.433903875381657,0.006112865184172781,0.43272594
853,77,5,0.2965345181839236,0.006430535849194216,0.29444605
854,77,6,0.7425769485130354,0.005230054407021146,0.7426764
855,77,7,0.6381127252922285,0.012961282947000224,0.6355175
856,77,8,0.2177939747784561,0.004488607130201943,0.21819241
857,77,9,0.7314603662931138,0.013341346859291546,0.7287041
858,77,10,0.30479273609064533,0.005114166808748761,0.30343878
859,77,11,0.36550878982681634,0.007289272617699343,0.36430466
860,77,12,0.6425474108053799,0.007225667352007559,0.64345187
861,77,13,0.37098327471844794,0.007434382368166607,0.36973616
862,77,14,0.4240350927831052,0.008400206959262297,0.42237902
863,77,15,0.6762610144899309,0.00630980143664702,0.6771122
864,78,0,0.7055942242377793,0.013688298886129954,0.7014533
865,78,1,0.6469087114863171,0.006783861670661776,0.64710206
866,78,2,0.6942388118768323,0.00602956871765691,0.69657725
867,78,3,0.6266061093820993,0.007401512213693988,0.6301793
868,78,4,0.4340880774260264,0.006106288688930373,0.43168512
869,78,5,0.2966891690117798,0.006436117691895403,0.29357287
870,78,6,0.7424087325031751,0.005209461470024655,0.7437289
871,78,7,0.6382652766221412,0.012962039439548202,0.6336122
872,78,8,0.21795511412823662,0.004469331570960852,0.21702915
873,78,9,0.7315438046908829,0.013346396838406058,0.727398
874,78,10,0.3049710943048581,0.005114027718820606,0.30319825
875,78,11,0.3657106363327026,0.007275654655689923,0.36225656
876,78,12,0.6423484381974157,0.00720891621195179,0.6457041
877,78,13,0.37117162163749406,0.007421312852607544,0.36742273
878,78,14,0.4242534314102224,0.00838948900827545,0.42001313
879,78,15,0.6760777580401499,0.006292093472723348,0.6786341
880,79,0,0.7057027434123191,0.013716070236348635,0.70316184
881,79,1,0.6470373162938664,0.0067724839214441425,0.6449927
882,79,2,0.6940710512032015,0.006042990490769368,0.694688
883,79,3,0.6264063359251243,0.0074434201469962625,0.6276224
884,79,4,0.43426846767138455,0.0061231909696617985,0.4315554
885,79,5,0.29684069106273464,0.006468191397500992,0.29534402
886,79,6,0.74224494683302,0.005203456519562935,0.7422085
887,79,7,0.6384141314146508,0.013003759663837792,0.63542855
888,79,8,0.21811194695448502,0.004460615871194521,0.21794607
889,79,9,0.7316251107197496,0.013376541062380103,0.7289184
890,79,10,0.3051457514439284,0.005121889746684308,0.30355394
891,79,11,0.3659074815260493,0.007314681071552413,0.36463267
892,79,12,0.6421544129681327,0.007245638995186719,0.6433236
893,79,13,0.37135529766248465,0.007470074046117955,0.37002915
894,79,14,0.4244664731542143,0.008444296911922819,0.4231006
895,79,15,0.6758991252989694,0.006308691173771459,0.67655396
896,80,0,0.705808593747789,0.013713980145917029,0.7043965
897,80,1,0.647164280541136,0.006770993184123124,0.64494604
898,80,2,0.6939075075322634,0.006024691936926068,0.69382656
899,80,3,0.6262114460389654,0.007428554335327534,0.6271749
900,80,4,0.4344451284918375,0.006146671906816358,0.43209183
901,80,5,0.2969891468260996,0.006460756128330893,0.29465744
902,80,6,0.7420854241641918,0.005183594562220986,0.74138194
903,80,7,0.6385594102054718,0.013007598062693493,0.6368265
904,80,8,0.2182646394916191,0.004443211284615769,0.21923178
905,80,9,0.7317043610298514,0.013378054911239732,0.7305408
906,80,10,0.30531678827306913,0.005124998203618034,0.30446503
907,80,11,0.3660994958225614,0.007300889455165027,0.36535278
908,80,12,0.6419651654483906,0.00723114453728772,0.6425379
909,80,13,0.3715344623038211,0.007456650068625549,0.37044024
910,80,14,0.4246743913202354,0.008427880131896574,0.42342418
911,80,15,0.675724953463619,0.006289215623833537,0.6757609
912,81,0,0.7059118647317183,0.013700195692516355,0.70464283
913,81,1,0.6472895621910348,0.006771873759358721,0.6453528
914,81,2,0.6937480334209501,0.006004269748614269,0.6951108
915,81,3,0.6260212776168699,0.0074113179092100585,0.62783235
916,81,4,0.43461814013798855,0.006158844268001122,0.4330379
917,81,5,0.2971345975046444,0.006468229299409782,0.29492274
918,81,6,0.7419300065595096,0.005166435642368583,0.74239796
919,81,7,0.6387012275419797,0.012994901589193673,0.636379
920,81,8,0.21841334850960878,0.004429771407496257,0.21806997
921,81,9,0.7317816281277331,0.013363384018319185,0.7310117
922,81,10,0.30548428341766165,0.005116963883529186,0.3039519
923,81,11,0.36628684079135,0.007282117232279256,0.36453497
924,81,12,0.6417805348263675,0.007211757042273664,0.64347374
925,81,13,0.37170926676115496,0.007440687475678085,0.36978135
926,81,14,0.4248773505484101,0.008410469133977541,0.42224345
927,81,15,0.675555088422396,0.006267625843534416,0.67689794
928,82,0,0.7060126412994876,0.013685749823616531,0.70559037
929,82,1,0.6474131258718092,0.006768122050364699,0.6468411
930,82,2,0.6935924892423221,0.005995674933229894,0.6962813
931,82,3,0.6258356767570641,0.007405148728585374,0.6288149
932,82,4,0.4347875808279268,0.006155341645051852,0.43265307
933,82,5,0.2972771030589975,0.006472125950362411,0.29445043
934,82,6,0.7417785448178635,0.005150023072458925,0.743672
935,82,7,0.6388396923872129,0.012988467794426497,0.6373586
936,82,8,0.21855822198352987,0.004414641762680012,0.21708454
937,82,9,0.7318569806649832,0.01334709785416823,0.73137754
938,82,10,0.30564831345824184,0.005118240629396675,0.30360788
939,82,11,0.36646966976725404,0.007275511220864743,0.36357436
940,82,12,0.641600368533203,0.007204942217912723,0.6445233
941,82,13,0.37187985450154687,0.007436515932401449,0.36871865
942,82,14,0.4250755074040422,0.008414628803525202,0.421793
943,82,15,0.6753893841466294,0.006256866906714838,0.6781618
944,83,0,0.7061110041428463,0.013668198792709191,0.698035
945,83,1,0.647534942292264,0.006755430975112313,0.6472157
946,83,2,0.6934407426415433,0.006016308706909679,0.69522595
947,83,3,0.6256544972026487,0.007422964046098587,0.6289592
948,83,4,0.43495352683065985,0.006160995119587193,0.43121573
949,83,5,0.297416722247186,0.0064890748035901485,0.29361078
950,83,6,0.7416308978611519,0.005157216181783137,0.7425627
951,83,7,0.6389749084923045,0.012973879386390542,0.63187903
952,83,8,0.21869939971123026,0.004418100918782456,0.21815598
953,83,9,0.7319304837043578,0.013330350402290025,0.7239679
954,83,10,0.3058089530175828,0.005129390086059167,0.30327407
955,83,11,0.36664812841449707,0.007292158977156387,0.36365306
956,83,12,0.6414245216774617,0.007223339727138918,0.64405537
957,83,13,0.3720463617913254,0.007459168880735563,0.3687172
958,83,14,0.42526901092101854,0.008432268063163788,0.42108747
959,83,15,0.6752277021309743,0.006276666950625874,0.67732215
960,84,0,0.7062070299945801,0.013800900027199763,0.6974912
961,84,1,0.6476549877039209,0.006743449423423907,0.6496297
962,84,2,0.6932926680348731,0.006013750072425244,0.69781923
963,84,3,0.6254775998256537,0.007447426684889405,0.63180906
964,84,4,0.4351160525428875,0.006209439075311166,0.4302959
965,84,5,0.2975535126600966,0.006533055482186506,0.29198104
966,84,6,0.7414869321689374,0.005145656919276528,0.7442551
967,84,7,0.6391069747400318,0.01307543975237101,0.63008744
968,84,8,0.21883701388335677,0.0044051051216266075,0.21691254
969,84,9,0.732002198965276,0.013464013698362556,0.7236924
970,84,10,0.3059662748407963,0.005152109456813029,0.30102915
971,84,11,0.36682235524590323,0.0073095012591440365,0.36074197
972,84,12,0.6412528565241843,0.007232833153181234,0.6470437
973,84,13,0.3722089181857111,0.0074841245673083765,0.36579156
974,84,14,0.42545800310248727,0.008472503879371313,0.41802916
975,84,15,0.6750699108778587,0.00627801182784522,0.67990816
976,85,0,0.706300791891318,0.01394681253288841,0.6996443
977,85,1,0.6477732434063738,0.0067613181605960734,0.64846647
978,85,2,0.6931481461479825,0.006098443846726896,0.69750726
979,85,3,0.6253048521514473,0.007587228827841037,0.6309694
980,85,4,0.43527523055989026,0.006296261966430513,0.4323484
981,85,5,0.29768753075351684,0.006645426742200505,0.29196355
982,85,6,0.7413465212568654,0.005176718486428959,0.74448836
983,85,7,0.6392359854619307,0.013240516449894739,0.6311589
984,85,8,0.2189711896096193,0.004419452978501692,0.21702479
985,85,9,0.7320721850503984,0.01359998456667829,0.7262522
986,85,10,0.30612034986925024,0.005272811878825476,0.30323032
987,85,11,0.3669924821014991,0.0074403432208099505,0.361344
988,85,12,0.6410852420146932,0.007352128486116795,0.6465612
989,85,13,0.37236764697988134,0.007627821302177316,0.36658454
990,85,14,0.4256426193825019,0.008642307013309192,0.4188178
991,85,15,0.674915885422303,0.006370442095962519,0.67971283
992,86,0,0.7063923594162874,0.014015065651609118,0.7017551
993,86,1,0.6478896952924127,0.00675609957558059,0.6467332
994,86,2,0.6930070635902508,0.006168903126839588,0.69584256
995,86,3,0.6251361279200534,0.007684517898383526,0.6292143
996,86,4,0.43543113174120374,0.006312761308712262,0.432707
997,86,5,0.29781883187730834,0.006755549629533926,0.2937478
998,86,6,0.7412095451952367,0.005218114347375163,0.74318224
999,86,7,0.6393620307311909,0.01335705313010245,0.6344446
1000,86,8,0.21910204540483755,0.004432951580923317,0.21765743
1001,86,9,0.7321404976548465,0.013649654400960056,0.72765887
1002,86,10,0.30627124730899574,0.005298724758008907,0.30357435
1003,86,11,0.3671586345899646,0.007540315741152612,0.36340818
1004,86,12,0.6409215533236777,0.0074473671223669125,0.6445816
1005,86,13,0.37252266562479747,0.007729742009904197,0.3683732
1006,86,14,0.42582298905197014,0.008768739378466277,0.42104664
1007,86,15,0.674765506893681,0.006453310483624646,0.6777493
1008,87,0,0.7064817989236567,0.014032524398958076,0.6999519
1009,87,1,0.6480043334297624,0.006746239200633732,0.6494971
1010,87,2,0.6928693124620096,0.006183140810195542,0.69602627
1011,87,3,0.6249713066812563,0.0077175125417509784,0.62941545
1012,87,4,0.43558382527166056,0.006323136050827332,0.43255395
1013,87,5,0.2979474703021732,0.006792817799561317,0.29280612
1014,87,6,0.7410758901644525,0.005222124234072985,0.74268806
1015,87,7,0.639485196633336,0.01337865971040178,0.63189507
1016,87,8,0.2192296936380059,0.004432931946075894,0.2178965
1017,87,9,0.7322071897594811,0.013667040263699371,0.72604084
1018,87,10,0.3064190346943071,0.005317173925910332,0.30352625
1019,87,11,0.36732093249606945,0.007565737698402179,0.3628863
1020,87,12,0.6407616714504194,0.007472159094727617,0.64497083
1021,87,13,0.37267408611079955,0.00776435999133231,0.36811808
1022,87,14,0.42599923565192777,0.008809171316236906,0.42030174
1023,87,15,0.6746186621113172,0.00646762971137187,0.6782945
1024,88,0,0.7065691737459789,0.014089169358049882,0.70411223
1025,88,1,0.6481171516765334,0.00675261179040346,0.6471633
1026,88,2,0.6927347899919728,0.0062043700283420464,0.69353354
1027,88,3,0.6248102734206522,0.007758552775128116,0.6259198
1028,88,4,0.43573337871830853,0.006339264135848923,0.43435422
1029,88,5,0.298073499244405,0.0068643353681679745,0.2963207
1030,88,6,0.7409454480443277,0.005218241113789227,0.74123615
1031,88,7,0.6396055655165366,0.013466007830219241,0.6366764
1032,88,8,0.21935424094734335,0.004430255724536652,0.21936734
1033,88,9,0.7322723118095423,0.01371857488113407,0.729414
1034,88,10,0.3065637779468609,0.005339256490740364,0.3050962
1035,88,11,0.367479490156953,0.007608855090369069,0.3665248
1036,88,12,0.6406054828412863,0.0075103667291028554,0.6413805
1037,88,13,0.3728220153217016,0.0078083342714485495,0.37152916
1038,88,14,0.4261714773368929,0.008875671434777044,0.4244242
1039,88,15,0.6744752432110874,0.006499791912092352,0.6750685
1040,89,0,0.7066545443860996,0.014074864639940388,0.702551
1041,89,1,0.6482281473277173,0.006742236080896982,0.6470685
1042,89,2,0.6926033982023482,0.006185621449446041,0.6927886
1043,89,3,0.624652918214072,0.007737010284048375,0.6256399
1044,89,4,0.435879858083646,0.006328299991654451,0.4338163
1045,89,5,0.298196970888947,0.006849842590844925,0.29610497
1046,89,6,0.7408181160345337,0.005201160583794423,0.740328
1047,89,7,0.639723216223217,0.01345305281740585,0.6357391
1048,89,8,0.2194757886240406,0.004414743633379673,0.21993294
1049,89,9,0.7323359118798328,0.01370960522998043,0.7284548
1050,89,10,0.30670554143101403,0.005332291080914466,0.30432507
1051,89,11,0.3676344168098371,0.007587141705427419,0.3668105
1052,89,12,0.6404528790409053,0.007488855433516296,0.64111227
1053,89,13,0.3729665553618601,0.007787468126125041,0.37178135
1054,89,14,0.42633982721079,0.008853836586772986,0.4247828
1055,89,15,0.6743351473004543,0.0064786254974321476,0.6746341
1056,90,0,0.7067379686947792,0.014079021502949152,0.70391834
1057,90,1,0.6483373207902811,0.006733112789892423,0.6471647
1058,90,2,0.6924750435993469,0.0061660656263435275,0.69101167
1059,90,3,0.6244991359080332,0.007715434637208446,0.6239096
1060,90,4,0.4360233278555543,0.006324968018655414,0.43490088
1061,90,5,0.2983179364110257,0.006839206665578797,0.296586
1062,90,6,0.7406937963036655,0.005186098450697502,0.73883384
1063,90,7,0.6398382243044768,0.01345283954673119,0.63782215
1064,90,8,0.2195944329671915,0.004400743442260031,0.2210452
1065,90,9,0.732398035827521,0.013712763749841933,0.7295598
1066,90,10,0.30684438800557795,0.005339905301474781,0.30530322
1067,90,11,0.3677858169135287,0.007565502661519842,0.3684169
1068,90,12,0.6403037563696429,0.007467610169839671,0.63948977
1069,90,13,0.37310780385846565,0.007766439558910217,0.37347522
1070,90,14,0.4265043936377101,0.008831073102088954,0.4265204
1071,90,15,0.6741982761395975,0.006457654622369094,0.6726662
1072,91,0,0.7068195020351827,0.014067609878829285,0.7059665
1073,91,1,0.648444675284593,0.006724266767833555,0.6463965
1074,91,2,0.6923496368870115,0.006160732010844442,0.69138485
1075,91,3,0.6243488258240826,0.007697055360586181,0.62331194
1076,91,4,0.4361638510542695,0.006312632625513351,0.43513995
1077,91,5,0.2984364459965906,0.006824937046846244,0.29730904
1078,91,6,0.7405723956646421,0.005190023099200062,0.7397566
1079,91,7,0.6399506622187207,0.013432746774756456,0.63893586
1080,91,8,0.21971026561218615,0.004398606045263826,0.22082362
1081,91,9,0.7324587274335655,0.013703116139223748,0.7314592
1082,91,10,0.306980379072446,0.005333457062227645,0.30520698
1083,91,11,0.3679337904458638,0.007547778847233122,0.3688994
1084,91,12,0.6401580156252406,0.0074519902122627095,0.6393251
1085,91,13,0.3732458542411066,0.007746147481641692,0.37410787
1086,91,14,0.4266652805295776,0.00880654402060332,0.42643878
1087,91,15,0.6740645358465035,0.006452034212356066,0.67294025
1088,92,0,0.7068991974352743,0.01404694615443241,0.70790815
1089,92,1,0.6485502165701105,0.006723547392838848,0.6466895
1090,92,2,0.6922270927024637,0.006148591290014183,0.69005394
1091,92,3,0.6242018914850839,0.007683036819256531,0.622551
1092,92,4,0.4363014892766818,0.006300145131856407,0.4359548
1093,92,5,0.2985525488617433,0.006807280628153411,0.29872158
1094,92,6,0.7404538252743402,0.005177755580649655,0.738137
1095,92,7,0.6400605995157632,0.013409720481858376,0.6413907
1096,92,8,0.21982337383465977,0.004390998452789138,0.22168659
1097,92,9,0.7325180285336564,0.013683555234217772,0.7332566
1098,92,10,0.30711357462237826,0.005329855643534686,0.30626383
1099,92,11,0.3680784331790501,0.007533354078686327,0.36988193
1100,92,12,0.6400155618066374,0.007436810095865454,0.6379446
1101,92,13,0.3733807960004682,0.007730009676044369,0.37483674
1102,92,14,0.42682258761260305,0.008781980571896601,0.42833966
1103,92,15,0.673933836624068,0.006440488741943875,0.6716983
1104,93,0,0.7069771057290811,0.014032123574976178,0.7062026
1105,93,1,0.6486539526934136,0.006720406448081735,0.6475029
1106,93,2,0.6921073293708436,0.006155918410638008,0.68964726
1107,93,3,0.6240582403616775,0.007676798575289359,0.6218586
1108,93,4,0.4364363027382222,0.006287253062714109,0.4352653
1109,93,5,0.2986662932713132,0.006792368614677285,0.29904374
1110,93,6,0.7403380003555439,0.005191107162229567,0.7379213
1111,93,7,0.6401681030075655,0.013395605880607923,0.6395233
1112,93,8,0.21993384083191095,0.004396522369178791,0.22187172
1113,93,9,0.732575979139509,0.01366782377822266,0.7313717
1114,93,10,0.30724403327821403,0.005318430260134063,0.30602333
1115,93,11,0.3682198369346934,0.007529837964622562,0.3704927
1116,93,12,0.6398763038581923,0.00743827333205479,0.6374796
1117,93,13,0.37351271492786353,0.007720714327267763,0.37566182
1118,93,14,0.42697641067423586,0.008770891631589473,0.4284038
1119,93,15,0.6738060925074382,0.006447359025101147,0.671156
1120,94,0,0.7070532756877039,0.014012467890220183,0.70916325
1121,94,1,0.6487558937568241,0.006711735745907682,0.6460102
1122,94,2,0.6919902686783532,0.0061686132395763855,0.6902274
1123,94,3,0.6239177836372856,0.007679158074076045,0.6217974
1124,94,4,0.436568350312563,0.006276103252690538,0.43512392
1125,94,5,0.29877772655671064,0.006779360982656739,0.29983237
1126,94,6,0.7402248399394415,0.0052056800562571585,0.738328
1127,94,7,0.6402732369266712,0.013373510225955117,0.64197373
1128,94,8,0.22004174598355628,0.004402967949836791,0.22153352
1129,94,9,0.7326326175512716,0.01364972103824463,0.7348178
1130,94,10,0.3073718123357546,0.005309275492956554,0.30705684
1131,94,11,0.3683580898201452,0.007533945474539733,0.37058747
1132,94,12,0.6397401544326575,0.007445102216176786,0.63756704
1133,94,13,0.37364169333715275,0.007721892747937839,0.37580758
1134,94,14,0.4271268417921904,0.008758643162318003,0.429328
1135,94,15,0.6736812211299635,0.006462531712816399,0.67168367
1136,95,0,0.707127754140872,0.014007539640543434,0.70759475
1137,95,1,0.6488560517059914,0.006720766801091107,0.64803207
1138,95,2,0.6918758356619646,0.006166447897949312,0.6894475
1139,95,3,0.6237804359901894,0.007679441485532532,0.6217857
1140,95,4,0.43669768956932625,0.006266921544180652,0.43573907
1141,95,5,0.2988868951331574,0.006773970430672034,0.2992828
1142,95,6,0.7401142666270644,0.0052076916987851135,0.73765016
1143,95,7,0.6403760630732984,0.013363268570020815,0.6409038
1144,95,8,0.22014716509303375,0.004400148413693594,0.22232945
1145,95,9,0.7326879804617352,0.013646441565702879,0.7329271
1146,95,10,0.30749696780251956,0.005298034812728094,0.30773762
1147,95,11,0.3684932764476549,0.007536471266996855,0.3704898
1148,95,12,0.6396070296714214,0.007446911193568792,0.6376137
1149,95,13,0.3737678102704564,0.007722708895297563,0.37574053
1150,95,14,0.42727396954696695,0.008757193850108636,0.4290758
1151,95,15,0.6735591435062811,0.006462815692472456,0.67141545
1152,96,0,0.7072005860897926,0.013990780206420481,0.7090044
1153,96,1,0.6489544401349469,0.006711157437548038,0.6453761
1154,96,2,0.6917639584144616,0.006176498147451734,0.6868469
1155,96,3,0.6236461153913129,0.00767712654133847,0.6184155
1156,96,4,0.43682437680998193,0.006255362280579628,0.43643004
1157,96,5,0.2989938445163907,0.006761375660232346,0.30011517
1158,96,6,0.7400062063681739,0.005221276046733252,0.7357813
1159,96,7,0.6404766409519964,0.013344879406073911,0.6428309
1160,96,8,0.2202501706114477,0.004410942860208346,0.2237449
1161,96,9,0.7327421030530009,0.01362958169569049,0.73389214
1162,96,10,0.3076195544345712,0.00528973217695935,0.30744314
1163,96,11,0.36862547813770113,0.007534441994226466,0.37383237
1164,96,12,0.6394768490006332,0.007445144122798148,0.63430756
1165,96,13,0.37389114168896703,0.007719791598813497,0.37903935
1166,96,14,0.42741787921918795,0.008749336815352797,0.43231487
1167,96,15,0.6734397838311657,0.006465196393225019,0.6683163
1168,97,0,0.7072718148119622,0.013982875675419714,0.71152914
1169,97,1,0.6490510741072543,0.006735845715424056,0.6456093
1170,97,2,0.6916545679036092,0.006263546202725073,0.68841547
1171,97,3,0.623514742916481,0.007758647636014462,0.61934984
1172,97,4,0.4369484671020856,0.006243665004902426,0.4378003
1173,97,5,0.2990986193389062,0.0067567429847151805,0.3008965
1174,97,6,0.7399005882562462,0.005290075855211088,0.7373586
1175,97,7,0.6405750278986655,0.013341588135185652,0.6454475
1176,97,8,0.22035083184511728,0.004461423200345737,0.22198251
1177,97,9,0.7327950190861788,0.013617426661751215,0.73685426
1178,97,10,0.30773962577156344,0.005279357705884959,0.30773324
1179,97,11,0.36875477310774335,0.007616340630588178,0.37291545
1180,97,12,0.6393495349419703,0.007526262094240719,0.6351822
1181,97,13,0.3740117606500339,0.007797832352572861,0.3781691
1182,97,14,0.4275586529729391,0.008810005294472862,0.43212244
1183,97,15,0.6733230692929089,0.006556024222249621,0.66950876
1184,98,0,0.7073414819585658,0.014006955486412882,0.7117799
1185,98,1,0.6491459699919874,0.00675590309800346,0.6460335
1186,98,2,0.691547597804337,0.006288625743358242,0.6885015
1187,98,3,0.6233862425720114,0.0078004142687238265,0.6203644
1188,98,4,0.43707001431199427,0.006240582554088844,0.4371691
1189,98,5,0.29920126336580094,0.006762519076852168,0.30006707
1190,98,6,0.7397973443382958,0.0053017182605000785,0.7365671
1191,98,7,0.6406712791986967,0.013378450669576547,0.6447988
1192,98,8,0.22044921514808935,0.004458723974648796,0.22292711
1193,98,9,0.7328467609846655,0.013639608579753826,0.737172
1194,98,10,0.307857234170168,0.005269908668773792,0.30872595
1195,98,11,0.3688812366475427,0.007658729856118827,0.37189943
1196,98,12,0.6392250129368904,0.007569289764083947,0.6361749
1197,98,13,0.3741297374716086,0.007839129027408232,0.37726676
1198,98,14,0.427696370026216,0.008856694090150675,0.43102333
1199,98,15,0.6732089299000814,0.006594607042502419,0.6701618
1200,99,0,0.7074096276450338,0.014032393973795076,0.70923764
1201,99,1,0.6492391453133679,0.006768204297114765,0.6468309
1202,99,2,0.6914429843429201,0.00630698842497842,0.6900102
1203,99,3,0.6232605411326018,0.007811782946728917,0.6225073
1204,99,4,0.43718907113618,0.006231007364327504,0.43717346
1205,99,5,0.2993018195102627,0.006754271115569928,0.2990758
1206,99,6,0.739696409438397,0.005329954826958326,0.7387041
1207,99,7,0.6407654481969121,0.01339866569581456,0.64172304
1208,99,8,0.22054538410077076,0.004473072968682006,0.22157726
1209,99,9,0.7328973599114912,0.0136647056533135,0.73478574
1210,99,10,0.30797243083600173,0.005268449342616817,0.30703354
1211,99,11,0.3690049412820975,0.007670411822807962,0.36973616
1212,99,12,0.6391032111833196,0.00758195913922045,0.63823175
1213,99,13,0.37424513988503966,0.00785269779628527,0.37504518
1214,99,14,0.42783110680947967,0.008870462475983353,0.4286341
1215,99,15,0.6730972983206381,0.006610379283692943,0.6721268
1216,100,0,0.7074762905352836,0.014023145350072423,0.7089038
1217,100,1,0.6493306186129847,0.006768965031220066,0.6477697
1218,100,2,0.6913406661522218,0.006296138688498494,0.6911385
1219,100,3,0.6231375679905544,0.007793452748969961,0.6228965
1220,100,4,0.4373056891312536,0.006221073312395639,0.43808454
1221,100,5,0.2994003298487467,0.006738950807747782,0.29874635
1222,100,6,0.7395977209938404,0.005316739538050021,0.73971283
1223,100,7,0.6408575863999417,0.013381966202842857,0.6417289
1224,100,8,0.22063939967574547,0.0044625188397085696,0.22035423
1225,100,9,0.7329468458411981,0.013656881132430175,0.7349169
1226,100,10,0.3080852658541773,0.005259217862410365,0.3073353
1227,100,11,0.36912595692315936,0.0076521760047801165,0.3691589
1228,100,12,0.6389840604838085,0.00756491491371599,0.638809
1229,100,13,0.3743580331771291,0.007834394525385039,0.374535
1230,100,14,0.4279629371132452,0.008850476878737865,0.4281793
1231,100,15,0.6729881097324013,0.006594039803201507,0.67284983
1232,101,0,0.7075415079201259,0.01401107844850255,0.7016705
1233,101,1,0.649420409323605,0.006761722688269779,0.6500583
1234,101,2,0.6912405841371447,0.006278277808925362,0.69336444
1235,101,3,0.6230172550154652,0.007773654456983802,0.6251691
1236,101,4,0.43741991874278907,0.006217212443882475,0.4339592
1237,101,5,0.2994968356358681,0.006723633417293957,0.29650292
1238,101,6,0.7395012189029582,0.005301685740730332,0.74106705
1239,101,7,0.6409477435716088,0.013365158150890646,0.6357303
1240,101,8,0.2207313203917559,0.00445093488903001,0.21934256
1241,101,9,0.7329952476266633,0.01364968741299393,0.72744316
1242,101,10,0.30819578821857524,0.0052495450943524985,0.30475363
1243,101,11,0.3692443510102078,0.007632382719389171,0.36725074
1244,101,12,0.6388674941042723,0.007545755762449705,0.6408703
1245,101,13,0.37446848032228036,0.007814227676996199,0.3723484
1246,101,14,0.4280919322255455,0.0088285542613504,0.42524344
1247,101,15,0.6728813016840471,0.006574917646387809,0.6748557
1248,102,0,0.7076053157902829,0.01404638747349999,0.70432943
1249,102,1,0.6495085376536612,0.00675907840681635,0.65096796
1250,102,2,0.6911426813494977,0.006279679559722346,0.6935787
1251,102,3,0.6228995364235694,0.007767615940790423,0.62597233
1252,102,4,0.4375318093330389,0.006240047084194421,0.43659768
1253,102,5,0.29959137731903696,0.006730186322175117,0.2973863
1254,102,6,0.7394068453837217,0.00530124811797634,0.74220407
1255,102,7,0.6410359678218615,0.013387642989657266,0.63778865
1256,102,8,0.22082120245675216,0.004453093914314724,0.21812536
1257,102,9,0.7330425930612567,0.013681445627014555,0.7301385
1258,102,10,0.30830404585993415,0.005280134220245461,0.3073353
1259,102,11,0.36936018864169917,0.007625117840046313,0.3664417
1260,102,12,0.6387534476424962,0.00753968687121912,0.6415481
1261,102,13,0.3745765421055065,0.007807330535657634,0.37165597
1262,102,14,0.4282181610600511,0.008826004133129188,0.42489213
1263,102,15,0.6727768139657822,0.006571540937670895,0.6750933
1264,103,0,0.7076677489044217,0.014042657734994288,0.707621
1265,103,1,0.6495950244815714,0.006766686465511218,0.65067345
1266,103,2,0.6910469028715615,0.006286146409091964,0.69471866
1267,103,3,0.6227843486560081,0.007775717247460897,0.6268076
1268,103,4,0.43764140920761574,0.006229775433594431,0.43627113
1269,103,5,0.29968399455285444,0.006724692069594929,0.29745334
1270,103,6,0.739314544842291,0.005327045355985072,0.7431851
1271,103,7,0.6411223056897343,0.013381946465785334,0.64005834
1272,103,8,0.22090909990083926,0.004487160316509326,0.21773031
1273,103,9,0.7330889089366842,0.013675583856344811,0.73368806
1274,103,10,0.30841008567284006,0.005271053406008406,0.30625218
1275,103,11,0.36947353269732863,0.007631612886076338,0.36548105
1276,103,12,0.6386418589056649,0.00754534490675705,0.64266616
1277,103,13,0.37468227723699726,0.007812177604984991,0.3707784
1278,103,14,0.42834169027555385,0.008830447757198746,0.42472303
1279,103,15,0.6726745884889704,0.00657331297843855,0.6766049
1280,104,0,0.7077288408525902,0.014025594540468263,0.7039315
1281,104,1,0.6496798912591137,0.006768426007784445,0.6516356
1282,104,2,0.6909531957076823,0.006320466030761911,0.694707
1283,104,3,0.6226716302653333,0.007802687915025293,0.6270189
1284,104,4,0.4377487656412099,0.006221653078743913,0.43517783
1285,104,5,0.29977472621328716,0.006719390169213937,0.29662538
1286,104,6,0.7392242637507576,0.005384307476867854,0.74293876
1287,104,7,0.6412068022207978,0.013363308353039944,0.6372099
1288,104,8,0.2209950646998896,0.004534975859713736,0.21740524
1289,104,9,0.7331342210968504,0.013660835337759305,0.73051167
1290,104,10,0.3085139535416906,0.005273218314793177,0.3051866
1291,104,11,0.36958444395199597,0.007659601194852447,0.36522013
1292,104,12,0.6385326677962223,0.007575974159659785,0.64295626
1293,104,13,0.3747857424588934,0.007835801353819786,0.37054664
1294,104,14,0.42846258438747514,0.008839161282322065,0.42401022
1295,104,15,0.6725745691740256,0.0066108491341376925,0.67698836
1296,105,0,0.7077886241153845,0.014027283419239624,0.7056662
1297,105,1,0.6497631599231433,0.006783157867102069,0.6512172
1298,105,2,0.690861508683287,0.006354748285001842,0.6935641
1299,105,3,0.6225613218096304,0.007835546779260398,0.62548834
1300,105,4,0.43785392490240405,0.006226197628201339,0.43484986
1301,105,5,0.2998636104116298,0.006727206851075347,0.29889795
1302,105,6,0.7391359505333824,0.005432576413718346,0.742363
1303,105,7,0.6412895010394989,0.013365801098066196,0.6392449
1304,105,8,0.22107914689052696,0.00459463663012506,0.2178965
1305,105,9,0.7331785544880318,0.013652942662777067,0.7314723
1306,105,10,0.3086156943657018,0.0052977498749783155,0.30577114
1307,105,11,0.3696929811820992,0.007694773925320687,0.36653063
1308,105,12,0.638425816205433,0.007614619670911104,0.6416705
1309,105,13,0.3748869926448588,0.007865491480862446,0.3721006
1310,105,14,0.42858090587199676,0.008863330533980699,0.42612973
1311,105,15,0.672476701845941,0.006659955899907024,0.6752726
1312,106,0,0.7078471301191814,0.014014876038509554,0.7085292
1313,106,1,0.649844852814986,0.0067888949025422295,0.6507799
1314,106,2,0.6907717923507544,0.006362668475476612,0.6943265
1315,106,3,0.6224533657536803,0.007837724662500068,0.62610203
1316,106,4,0.43795693227764176,0.006237276169009848,0.4367143
1317,106,5,0.2999506845082668,0.006713236312683524,0.29788774
1318,106,6,0.7390495554606913,0.005463131166895005,0.7426341
1319,106,7,0.6413704444167808,0.01335108126679252,0.640691
1320,106,8,0.22116139467713067,0.0046360872617632635,0.2180554
1321,106,9,0.7332219332056443,0.013639696987983745,0.7343411
1322,106,10,0.30871535208301804,0.005310245098089636,0.30690524
1323,106,11,0.36979920126473687,0.007702011681812494,0.36615598
1324,106,12,0.6383212479140645,0.00762464743247035,0.6421443
1325,106,13,0.3749860808929965,0.00786521714195693,0.37144753
1326,106,14,0.4286967152633701,0.008853533881421224,0.42528716
1327,106,15,0.6723809341368803,0.006666652271170117,0.6761093
1328,107,0,0.7079043892877279,0.014000803448617883,0.7069898
1329,107,1,0.6499249926069016,0.006787793819089012,0.65149564
1330,107,2,0.6906839989016261,0.006388288969164571,0.69457144
1331,107,3,0.6223477063766346,0.007852052849186691,0.6265073
1332,107,4,0.43805783209440285,0.006228383957718491,0.4352274
1333,107,5,0.30003598512624113,0.006705958451019941,0.29798397
1334,107,6,0.738965030550829,0.005501920124065178,0.7426312
1335,107,7,0.6414496733333369,0.013332940587329728,0.64011663
1336,107,8,0.22124185453146294,0.00467245863714064,0.21780467
1337,107,9,0.7332643805378632,0.013628287301282679,0.73254955
1338,107,10,0.30881296969398103,0.005306620985865684,0.30619824
1339,107,11,0.3699031592703534,0.007717448663313575,0.36567056
1340,107,12,0.6382189084996517,0.007645233717631915,0.64243734
1341,107,13,0.3750830586126105,0.007877145887656999,0.37096792
1342,107,14,0.42881007124491627,0.008856267343617809,0.4250656
1343,107,15,0.6722872153952951,0.006692554877559404,0.676379
1344,108,0,0.7079604310903487,0.013984997973458013,0.7057157
1345,108,1,0.6500036022350568,0.006794365752523343,0.6521691
1346,108,2,0.6905980820846815,0.0064205872178375875,0.6955962
1347,108,3,0.622244289685718,0.007875787043982061,0.62803644
1348,108,4,0.4381566677436265,0.006235688868683258,0.4356516
1349,108,5,0.3001195481646325,0.006698586521174164,0.29704228
1350,108,6,0.7388823294776331,0.005540659019480107,0.7435146
1351,108,7,0.6415272275388098,0.013316154156977728,0.63880026
1352,108,8,0.221320571285471,0.004717092742714531,0.21660787
1353,108,9,0.7333059190063201,0.013613116952420996,0.7314315
1354,108,10,0.30890858928360737,0.005313793784346203,0.3062449
1355,108,11,0.3700049085493145,0.0077442560363506835,0.36424926
1356,108,12,0.6381187452498548,0.007673129079381268,0.6437172
1357,108,13,0.37517797560527355,0.007899663025263697,0.36960787
1358,108,14,0.4289210307341804,0.008863761228590925,0.42330468
1359,108,15,0.6721954966010818,0.006725834836135556,0.6775466
1360,109,0,0.7080152840870337,0.013974094566259788,0.70524055
1361,109,1,0.6500807048384863,0.00680994891324952,0.65209913
1362,109,2,0.6905139971294345,0.006483478906141146,0.693707
1363,109,3,0.6221430633355061,0.007940482896051933,0.6254592
1364,109,4,0.43825348170143,0.0062377623464312274,0.43529156
1365,109,5,0.3002014088117525,0.00670402333095181,0.2981793
1366,109,6,0.7388014074849193,0.005608559291319121,0.7422959
1367,109,7,0.6416031456072464,0.013306465995651152,0.6387449
1368,109,8,0.2213975882177752,0.0048076346508066645,0.21792129
1369,109,9,0.7333465704041077,0.013601516754315961,0.73088485
1370,109,10,0.3090022520433222,0.005321215380481882,0.30621427
1371,109,11,0.37010450081286755,0.007809998439553622,0.36677697
1372,109,12,0.6380207070814541,0.007735966981223309,0.6412624
1373,109,13,0.37527088014062754,0.007957385230448052,0.37199125
1374,109,14,0.4290296489626799,0.008910047126889297,0.42546794
1375,109,15,0.6721057302863243,0.00679433374924642,0.6752638
1376,110,0,0.7080689759706302,0.01396664450525662,0.7045408
1377,110,1,0.6501563237035682,0.006822063792355441,0.6517566
1378,110,2,0.6904317006746526,0.006495404182858649,0.6934665
1379,110,3,0.6220439765523694,0.007944528817463072,0.624949
1380,110,4,0.4383483155501568,0.006246103480835698,0.43494606
1381,110,5,0.3002816015581575,0.006696189841578183,0.29778573
1382,110,6,0.7387222213065195,0.005637066886922085,0.7419723
1383,110,7,0.6416774649890777,0.013297769624056262,0.6380831
1384,110,8,0.221472947134313,0.004846666531140611,0.21815452
1385,110,9,0.7333863558312814,0.013593353048844882,0.7299869
1386,110,10,0.30909399829198747,0.005330176506764045,0.3068236
1387,110,11,0.37020198620890127,0.007815107643941834,0.3673411
1388,110,12,0.6379247444645646,0.007740720252714998,0.6409446
1389,110,13,0.37536181902730653,0.00796082221062419,0.37256122
1390,110,14,0.4291359795506394,0.008912258682937914,0.4255656
1391,110,15,0.6720178704612093,0.006802298680789937,0.6750787
1392,111,0,0.7081215336063544,0.013965295796247057,0.7109067
1393,111,1,0.6502304822135683,0.0068271935969037596,0.6495802
1394,111,2,0.690351150701521,0.0065033513554888355,0.69132364
1395,111,3,0.6219469800637011,0.007941938027462025,0.62208164
1396,111,4,0.4384412099987926,0.006261393551041409,0.43864432
1397,111,5,0.30036016020948264,0.006693105183247605,0.30184695
1398,111,6,0.738644729091639,0.005657688298421055,0.7395962
1399,111,7,0.6417502220598796,0.013295329684499412,0.6446822
1400,111,8,0.221546688443576,0.004878605093155403,0.22024052
1401,111,9,0.733425295728053,0.013592588097704484,0.7361953
1402,111,10,0.30918386749626775,0.00533074678613661,0.30951166
1403,111,11,0.3702974133928903,0.007812603025396995,0.3700583
1404,111,12,0.6378308093516841,0.007741411901107975,0.6382274
1405,111,13,0.3754508376793439,0.007956848658588853,0.37541252
1406,111,14,0.4292400745770843,0.008914028167098367,0.42995337
1407,111,15,0.671931872544728,0.006807719811253424,0.6728469
1408,112,0,0.7081729830688082,0.013967917133932504,0.70512825
1409,112,1,0.6503032038028561,0.006818174949930164,0.6518644
1410,112,2,0.6902723064711107,0.00648732131210173,0.69107723
1411,112,3,0.6218520260315783,0.007923320821483988,0.6229213
1412,112,4,0.43853220490277534,0.006254639128536422,0.43578425
1413,112,5,0.30043711789909444,0.006696346366307378,0.29976967
1414,112,6,0.7385688903351433,0.005643331392863715,0.73916763
1415,112,7,0.6418214521661388,0.013299877608184676,0.63917494
1416,112,8,0.2216188512268383,0.0048695905052057445,0.2206312
1417,112,9,0.73346340990583,0.013595542684396332,0.73015743
1418,112,10,0.30927189829036295,0.005325726877681243,0.3073586
1419,112,11,0.37039082959437397,0.007793949402698253,0.3694271
1420,112,12,0.6377388551112225,0.007722947038461611,0.6388455
1421,112,13,0.37553798017839396,0.007938428973070462,0.37445337
1422,112,14,0.42934198464562395,0.008897999901663359,0.42815453
1423,112,15,0.6718476932998145,0.006790127145280434,0.672691
1424,113,0,0.7082233496767042,0.01396258440589183,0.7057639
1425,113,1,0.6503745119154061,0.0068224387772760015,0.6518076
1426,113,2,0.6901951284658346,0.006470947664555727,0.68994755
1427,113,3,0.6217590679905329,0.007905719857089804,0.6214592
1428,113,4,0.4386213392832375,0.006258699084767786,0.43913993
1429,113,5,0.30051250710057015,0.0066834729424851734,0.3005102
1430,113,6,0.7384946658124085,0.0056276521824046785,0.738742
1431,113,7,0.6418911896682602,0.013289969384699481,0.64035714
1432,113,8,0.22168947330374758,0.0048577820057977145,0.22088484
1433,113,9,0.7335007175762829,0.013593967110581607,0.7305204
1434,113,10,0.30935812849514516,0.005322290692489175,0.30967057
1435,113,11,0.37048228067930156,0.007776248272760825,0.37093002
1436,113,12,0.6376488364651799,0.0077061182542724265,0.63744605
1437,113,13,0.37562328933207756,0.007920894130405606,0.37607872
1438,113,14,0.42944175894624737,0.008879059432753814,0.42929885
1439,113,15,0.6717652907725926,0.0067726250838139376,0.6714198
1440,114,0,0.7082726580254415,0.013953312612805841,0.70937026
1441,114,1,0.6504444299672499,0.006824760138494585,0.6495233
1442,114,2,0.6901195783345964,0.006455175560626622,0.6879067
1443,114,3,0.6216680607891348,0.00788915166555827,0.6193367
1444,114,4,0.43870865134569853,0.006254589281485042,0.43842566
1445,114,5,0.30058635963999614,0.006672527373937191,0.30229008
1446,114,6,0.7384220175183984,0.005611666870578455,0.73726094
1447,114,7,0.6419594679809911,0.013275056312181628,0.6433134
1448,114,8,0.22175859129362122,0.004844933154505292,0.22276385
1449,114,9,0.7335372373785592,0.01358949166214635,0.73465455
1450,114,10,0.3094425951367254,0.005317357302513119,0.30992565
1451,114,11,0.3705718112085388,0.007760447557270522,0.37286296
1452,114,12,0.6375607094306764,0.007689498508135298,0.635086
1453,114,13,0.3757068067287304,0.007905011918250958,0.37819096
1454,114,14,0.4295394453134085,0.008860101867291428,0.43144754
1455,114,15,0.6716846242354313,0.006756268166295117,0.6692114
1456,115,0,0.7083209320177017,0.013943259456402263,0.70820117
1457,115,1,0.6505129813125554,0.006816673774332378,0.6504169
1458,115,2,0.6900456188413656,0.006459351480719207,0.6904854
1459,115,3,0.6215789605351096,0.007892108997329826,0.622086
1460,115,4,0.4387941784982383,0.006245811961597159,0.4384825
1461,115,5,0.30065870670809175,0.006678570063655937,0.30124345
1462,115,6,0.7383509086106587,0.005602857200136586,0.7385991
1463,115,7,0.6420263196114626,0.01326565555625293,0.6416968
1464,115,8,0.22182624067276235,0.004836178418272422,0.22129592
1465,115,9,0.7335729874047979,0.01357999083926523,0.73325074
1466,115,10,0.3095253344644805,0.005313917549850306,0.3094621
1467,115,11,0.3706594644928175,0.007762985949217565,0.370156
1468,115,12,0.6374744312650509,0.007695026748093777,0.6380466
1469,115,13,0.3757885727888182,0.00791014321035829,0.37526676
1470,115,14,0.42963509028067437,0.008855703423191853,0.42923468
1471,115,15,0.6716056541335328,0.006763360214430298,0.6720496
1472,116,0,0.7083681948922061,0.013929462697899204,0.7121691
1473,116,1,0.6505801892130374,0.006808451553868605,0.6501356
1474,116,2,0.6899732138169286,0.006443057836926309,0.6900627
1475,116,3,0.621491724543739,0.007874437313954357,0.6210641
1476,116,4,0.43887795736917357,0.0062371133991697865,0.4398134
1477,116,5,0.30072957887215684,0.0066713445260379485,0.30235422
1478,116,6,0.7382813033559426,0.005587427917423614,0.73907286
1479,116,7,0.6420917761950137,0.0132502548510562,0.6453892
1480,116,8,0.2218924558280873,0.004822570427776453,0.22055247
1481,116,9,0.733607985224059,0.013566566005167618,0.7373411
1482,116,10,0.3096063819685635,0.005306587917866545,0.3105787
1483,116,11,0.37074528264438256,0.007745462437828448,0.37118804
1484,116,12,0.6373899604142728,0.0076778435557079295,0.63709474
1485,116,13,0.37586862681325683,0.007892456802488814,0.37624052
1486,116,14,0.42972873913217985,0.008836956387379191,0.43097377
1487,116,15,0.6715283420347947,0.006745967188347687,0.67142564
1488,117,0,0.708414469250758,0.013943738481131906,0.70812535
1489,117,1,0.6506460768104358,0.006800017788445462,0.65184987
1490,117,2,0.689902328113585,0.006427127527949692,0.6915831
1491,117,3,0.6214063112893083,0.007859060073335266,0.6229825
1492,117,4,0.43896002382425625,0.00623715890162483,0.43823323
1493,117,5,0.300799006087841,0.0066755420259996725,0.30111662
1494,117,6,0.7382131670802017,0.005573630865705916,0.73942566
1495,117,7,0.6421558685289506,0.013258921050961233,0.64197373
1496,117,8,0.22195727010733468,0.004814670981779808,0.22101457
1497,117,9,0.7336422479047827,0.013580606268633704,0.7336195
1498,117,10,0.3096857723969211,0.00530848324584586,0.3095233
1499,117,11,0.3708293066255731,0.007730236380866292,0.36920407
1500,117,12,0.6373072564644295,0.007662203738910566,0.6390627
1501,117,13,0.37594700702886025,0.007876775201910916,0.37441254
1502,117,14,0.4298204359511121,0.008826020050483403,0.42839214
1503,117,15,0.6714526505827123,0.0067294040280793145,0.67303497
1504,118,0,0.7084597770836993,0.013930005391270121,0.7075029
1505,118,1,0.6507106671018059,0.006799862432136821,0.65256125
1506,118,2,0.6898329275625817,0.0064174947948670066,0.691551
1507,118,3,0.6213226803593853,0.007845406464656191,0.6226895
1508,118,4,0.43904041298341634,0.006228124027466029,0.4371924
1509,118,5,0.3008670177107375,0.006666408568777661,0.30062535
1510,118,6,0.7381464661217004,0.005562552002691709,0.7404621
1511,118,7,0.6422186266043909,0.013244025323893897,0.6414373
1512,118,8,0.2220207158661027,0.004803493803495114,0.21973324
1513,118,9,0.7336757920358865,0.01356770601250689,0.7323484
1514,118,10,0.30976353977184007,0.005300822739260413,0.30830175
1515,118,11,0.37091157629455584,0.00771719747020671,0.36948398
1516,118,12,0.6372262800960715,0.007650490895170573,0.6384519
1517,118,13,0.3760237506311203,0.007862893362080169,0.37459475
1518,118,14,0.4299102236654376,0.008809700600962199,0.42896065
1519,118,15,0.6713785434521037,0.006717433804951587,0.6728601
1520,119,0,0.7085041397938912,0.013916731548991049,0.70824635
1521,119,1,0.6507739829173923,0.0068069852132342954,0.65089065
1522,119,2,0.6897649789340812,0.006408248952866327,0.69082505
1523,119,3,0.6212407924117274,0.007830848152580502,0.62234694
1524,119,4,0.43911915923706657,0.006223359205518391,0.4387099
1525,119,5,0.30093364250780097,0.00665509254476518,0.30088776
1526,119,6,0.7380811677870245,0.005564023641056705,0.73940086
1527,119,7,0.6422800796363265,0.013229220300014109,0.6418659
1528,119,8,0.2220828245119477,0.00480876655543107,0.22090524
1529,119,9,0.7337086337465974,0.013555848198062681,0.7335335
1530,119,10,0.30983971740604466,0.005294745681652952,0.30995044
1531,119,11,0.37099213044841384,0.007703201466685997,0.36978135
1532,119,12,0.6371469930412069,0.007635899170549286,0.6384082
1533,119,13,0.3760988938245101,0.007848652179091234,0.37491983
1534,119,14,0.4299981440910646,0.008792254580615472,0.4291895
1535,119,15,0.6713059853074518,0.006704871716380979,0.67233527
1536,120,0,0.7085475782193223,0.01390356481550578,0.70794314
1537,120,1,0.6508360469008756,0.006799623239866266,0.65109766
1538,120,2,0.6896984498994922,0.0063946852497569606,0.68933237
1539,120,3,0.6211606091336366,0.007815488808556446,0.62095916
1540,120,4,0.4391962962619864,0.006214968274743775,0.43924198
1541,120,5,0.30099890866858897,0.006644565551984602,0.30140525
1542,120,6,0.7380172403097799,0.005553817947718706,0.7375569
1543,120,7,0.6423402560920256,0.013214703198948696,0.64201605
1544,120,8,0.22214362654575173,0.004799373458646433,0.22253352
1545,120,9,0.7337407887251071,0.013543288334915901,0.73296356
1546,120,10,0.30991433791835865,0.005288703367733794,0.3102522
1547,120,11,0.3710710068637744,0.007688432571301343,0.3710627
1548,120,12,0.6370693580427668,0.007621701138521118,0.6369898
1549,120,13,0.37617247186048197,0.007833548395791192,0.37634987
1550,120,14,0.4300842379726177,0.008774920964937675,0.42998397
1551,120,15,0.6712349417636834,0.006690023097455922,0.67092127
1552,121,0,0.708590112654442,0.013890560216586186,0.7114053
1553,121,1,0.6508968814917941,0.006792882027238325,0.65022886
1554,121,2,0.6896333089959877,0.006381140816563425,0.6904082
1555,121,3,0.621082093203587,0.007800451091461932,0.62145334
1556,121,4,0.4392718570368016,0.006208302553630681,0.4404242
1557,121,5,0.30106284381632714,0.006636399344681951,0.30289942
1558,121,6,0.7379546528117852,0.005541255217552448,0.73919827
1559,121,7,0.6423991837178932,0.013200528691870375,0.64498544
1560,121,8,0.2222031516005604,0.004787508896301934,0.22081195
1561,121,9,0.7337722722361367,0.013530973661094148,0.73680323
1562,121,10,0.30998743324895717,0.005284229309084683,0.3111589
1563,121,11,0.3711482423351522,0.007672893919316409,0.3708965
1564,121,12,0.6369933388163596,0.007606587416842267,0.637379
1565,121,13,0.3762445190733252,0.007818387726727835,0.37592274
1566,121,14,0.4301685450219919,0.008758217600263008,0.43047813
1567,121,15,0.6711653793492073,0.006675354803938691,0.67200875
1568,122,0,0.7086317628703027,0.013893426159353767,0.7081458
1569,122,1,0.6509565089099635,0.006785235241493609,0.65148395
1570,122,2,0.6895695255930611,0.006367030045817672,0.69018805
1571,122,3,0.6210052082549702,0.007784616098368556,0.62162393
1572,122,4,0.43934587385707324,0.006210855610827887,0.43829447
1573,122,5,0.3011254750187988,0.006642936045318169,0.30125803
1574,122,6,0.7378933752665807,0.005530855329746199,0.7383542
1575,122,7,0.6424568895648893,0.013201356642646982,0.6423207
1576,122,8,0.22226142847806873,0.004780351896891436,0.22165744
1577,122,9,0.7338030991374843,0.013536437755102994,0.73360497
1578,122,10,0.31005903467421614,0.005288389896923388,0.3104038
1579,122,11,0.37122387271116214,0.00765724992363375,0.37072885
1580,122,12,0.6369189000141614,0.007591105197760665,0.63737464
1581,122,13,0.3763150689140301,0.007802553913324324,0.37546647
1582,122,14,0.43025110395483646,0.008743000832648626,0.42943296
1583,122,15,0.6710972654710579,0.006660403769922245,0.6717143
1584,123,0,0.7086725481336013,0.013880769731556523,0.70796794
1585,123,1,0.6510149511417236,0.006779938143814936,0.65279883
1586,123,2,0.6895070698609751,0.006352806990734005,0.6922828
1587,123,3,0.6209299188418107,0.00776912043696433,0.62323326
1588,123,4,0.4394183783500123,0.0062028870414183035,0.43828863
1589,123,5,0.30118682879906,0.006633358014795322,0.30072013
1590,123,6,0.7378333784650924,0.005517223944991698,0.74038774
1591,123,7,0.642513400012611,0.013187743219590566,0.641758
1592,123,8,0.22231848518292371,0.004768157663966319,0.22037609
1593,123,9,0.7338332838956297,0.013524391687268074,0.7330729
1594,123,10,0.31012917282118213,0.005283851047561127,0.30863702
1595,123,11,0.3712979329287536,0.007641810280350191,0.36893877
1596,123,12,0.6368460071907901,0.007575905418999467,0.6391064
1597,123,13,0.3763841539822985,0.007787366820075649,0.3740627
1598,123,14,0.4303319525251122,0.008726621986698366,0.4283659
1599,123,15,0.6710305683819928,0.0066452072524718405,0.67372596
1600,124,0,0.7087124872246877,0.013868415425078325,0.7096676
1601,124,1,0.6510722299278637,0.006785566280111484,0.65072596
1602,124,2,0.6894459127409729,0.006356565949643022,0.690879
1603,124,3,0.6208561904063166,0.00776221192134145,0.62179446
1604,124,4,0.4394894014888322,0.006195245910850328,0.43913993
1605,124,5,0.30124693114597934,0.006622461018637324,0.30127698
1606,124,6,0.7377746339832939,0.0055221413626273,0.7389009
1607,124,7,0.6425687407921205,0.01317419093442771,0.64328134
1608,124,8,0.2223743489549992,0.004767589194725932,0.22113119
1609,124,9,0.7338628406004616,0.01351263526303778,0.7350831
1610,124,10,0.3101978776816729,0.005278644409215238,0.3096545
1611,124,11,0.3713704570455986,0.0076358335048714865,0.37033236
1612,124,12,0.6367746267710287,0.007569490965599863,0.637777
1613,124,13,0.3764518060568263,0.007780614103155765,0.37540963
1614,124,14,0.43041112755785044,0.008714799924709572,0.42980465
1615,124,15,0.6709652571494122,0.006645823959932542,0.67254084
1616,125,0,0.7087515984546188,0.013859100375941421,0.7075481
1617,125,1,0.6511283667530818,0.006778002898526948,0.6513965
1618,125,2,0.6893860259171283,0.006345929483769216,0.6882128
1619,125,3,0.6207839892481403,0.0077476607324249705,0.61921865
1620,125,4,0.43955897360675156,0.006187590930929154,0.4414344
1621,125,5,0.3013058075246054,0.006612818408765092,0.30216908
1622,125,6,0.73771711415173,0.005511223131311679,0.73725945
1623,125,7,0.6426229370076121,0.013163135266328568,0.64276385
1624,125,8,0.22242904629978522,0.004759215865832056,0.22259767
1625,125,9,0.7338917829791879,0.013504821646615104,0.73227406
1626,125,10,0.3102651786260223,0.005270883241982915,0.31067201
1627,125,11,0.3714414782707631,0.007621694455498737,0.3730204
1628,125,12,0.6367047260192703,0.007555554188893057,0.6350015
1629,125,13,0.37651805612397826,0.007766307297742758,0.37795627
1630,125,14,0.4304886649802373,0.008698810309825796,0.43218076
1631,125,15,0.6709013016259716,0.006634933768265768,0.6695015
1632,126,0,0.7087898996813122,0.013847822855269129,0.7077449
1633,126,1,0.6511833828368512,0.006771682570215441,0.6525802
1634,126,2,0.6893273817897227,0.0063389486111286985,0.6922755
1635,126,3,0.6207132824952353,0.0077429083869683816,0.6232449
1636,126,4,0.4396271244106583,0.006199753102590014,0.438707
1637,126,5,0.3013634828863589,0.006608186229659539,0.3001968
1638,126,6,0.7376607920267679,0.005499771655083956,0.74033964
1639,126,7,0.6426760131569863,0.013150670838408313,0.64158165
1640,126,8,0.22248260301702638,0.004747526013452562,0.22079737
1641,126,9,0.7339201244094827,0.013495287509798838,0.7328994
1642,126,10,0.31033110441648415,0.00526706511663328,0.31024343
1643,126,11,0.3715110289937748,0.007617198596962238,0.36884984
1644,126,12,0.6366362730105682,0.007552469608232882,0.63925076
1645,126,13,0.37658293440496193,0.007760272335079944,0.37399417
1646,126,14,0.43056459985113144,0.00869394771562173,0.42882362
1647,126,15,0.6708386724217738,0.006629149535684517,0.67355394
1648,127,0,0.7088274083248701,0.013836473418600302,0.7129636
1649,127,1,0.6512372991255715,0.0067727942083916975,0.6504854
1650,127,2,0.6892699534500458,0.00634498509176557,0.6888484
1651,127,3,0.6206440380762004,0.00773854405005982,0.6195758
1652,127,4,0.4396938829944482,0.006191994690420307,0.44158748
1653,127,5,0.3014199816790539,0.006598758227286237,0.3033732
1654,127,6,0.7376056413634603,0.005506321228156864,0.73711663
1655,127,7,0.6427279931514078,0.013138217774606286,0.64702624
1656,127,8,0.22253504422772863,0.0047436849971424526,0.22291546
1657,127,9,0.7339478779319268,0.013484455353293082,0.7376939
1658,127,10,0.3103956832203049,0.005260528134964689,0.31088483
1659,127,11,0.3715791408121961,0.0076146017924567586,0.37259912
1660,127,12,0.6365692366031847,0.007549917302359389,0.6358484
1661,127,13,0.37664647038160265,0.0077564536516299114,0.37772885
1662,127,14,0.4306389663891207,0.008681527489845443,0.43273762
1663,127,15,0.6707773408780324,0.006629936938290811,0.6701895
1664,128,0,0.7088641413821266,0.013853273218042373,0.7098703
1665,128,1,0.6512901362858943,0.0067660121169968255,0.6510816
1666,128,2,0.6892137146565188,0.006333170404614811,0.68767786
1667,128,3,0.6205762246940116,0.007729746740894832,0.6193484
1668,128,4,0.43975927785204777,0.00620380296206517,0.44035715
1669,128,5,0.30147532785674935,0.006606269189560982,0.30245626
1670,128,6,0.7375516365899042,0.005495366485878855,0.73573035
1671,128,7,0.6427789003339185,0.013158160289875815,0.64400727
1672,128,8,0.2225863943996514,0.004733210302513223,0.22407289
1673,128,9,0.7339750562617886,0.013497186667090393,0.73496354
1674,128,10,0.31045894262247853,0.005257376450386283,0.3116589
1675,128,11,0.37164584455780547,0.007605531326447378,0.3729592
1676,128,12,0.6365035864125324,0.007539057835382649,0.6351443
1677,128,13,0.37670869282081515,0.007747722205198452,0.37794316
1678,128,14,0.4307117979992162,0.008681003130910393,0.43198252
1679,128,15,0.6707172790421054,0.006618148479514908,0.6694155
1680,129,0,0.708900115440463,0.013844466106859942,0.71322155
1681,129,1,0.6513419146991226,0.006758952158430267,0.64968514
1682,129,2,0.6891586398120565,0.006330088348685168,0.6886691
1683,129,3,0.6205098118010516,0.007722207044836204,0.6189504
1684,129,4,0.4398233368901303,0.006200598993791948,0.4423965
1685,129,5,0.30152954488942924,0.0066025239810121265,0.30430904
1686,129,6,0.7374987527829945,0.005497180540548638,0.7376385
1687,129,7,0.6428287574971563,0.013149543898155544,0.6469344
1688,129,8,0.22263667737138798,0.0047327989383872246,0.22264723
1689,129,9,0.7340016718001872,0.013488697028221591,0.73838776
1690,129,10,0.31052090963819384,0.005261314541236031,0.31274053
1691,129,11,0.37171117032147405,0.0075987858841590926,0.37306267
1692,129,12,0.6364392927864225,0.007532853113417926,0.63528425
1693,129,13,0.37676962979785533,0.007740193183575219,0.37836152
1694,129,14,0.4307831272982681,0.008672585809646253,0.43278134
1695,129,15,0.6706584596438081,0.006611706950866812,0.6699315
1696,130,0,0.7089353466909496,0.01386241174868934,0.7115729
1697,130,1,0.6513926544565919,0.0067565452334237075,0.65132797
1698,130,2,0.6891047039425834,0.006318806062216799,0.689707
1699,130,3,0.6204447695753529,0.007717516392751754,0.62082654
1700,130,4,0.4398860874405352,0.0062228455354324235,0.44024488
1701,130,5,0.301582655772514,0.006622349283610904,0.30164722
1702,130,6,0.737446965645481,0.005484575672518126,0.7379242
1703,130,7,0.6428775869002453,0.013165709668500435,0.64503354
1704,130,8,0.22268591637513027,0.004721330395022171,0.22224635
1705,130,9,0.7340277366446816,0.013508139588007022,0.73663706
1706,130,10,0.3105816107249805,0.005280930619026945,0.31184548
1707,130,11,0.37177514747682555,0.007592341689998533,0.37146357
1708,130,12,0.6363763267815321,0.007524986040070347,0.6367624
1709,130,13,0.3768293087184319,0.0077357578545964875,0.3764446
1710,130,14,0.4308529861391859,0.008670635416170887,0.43078572
1711,130,15,0.6706008560729229,0.0066009226942097925,0.6710452
1712,131,0,0.7089698509408509,0.013862742882139671,0.7104504
1713,131,1,0.6514423753559411,0.006749871412642718,0.65088046
1714,131,2,0.6890518826766229,0.006305951061555294,0.68789357
1715,131,3,0.6203810688979711,0.007703628267534066,0.61867344
1716,131,4,0.4399475562724013,0.006217739771844451,0.4411414
1717,131,5,0.30163468303620705,0.006613087718665537,0.3025452
1718,131,6,0.7373962514842303,0.0054722859363411465,0.7363659
1719,131,7,0.6429254102849111,0.013162249902669022,0.6446793
1720,131,8,0.2227341340582121,0.004710035220365392,0.22374344
1721,131,9,0.7340532625993258,0.013508661084415827,0.7351268
1722,131,10,0.3106410717945716,0.005284807529665709,0.31209475
1723,131,11,0.37183780470276245,0.007578563893254473,0.37352479
1724,131,12,0.6363146601410041,0.007511419181055057,0.63485426
1725,131,13,0.3768877563397581,0.007721846966130663,0.37874052
1726,131,14,0.4309214056340454,0.008656224941984581,0.4329825
1727,131,15,0.6705444423578194,0.00658712199492082,0.6692318
1728,132,0,0.7090036436255358,0.013855725304765075,0.7119446
1729,132,1,0.6514910968982014,0.006743204764340542,0.65102184
1730,132,2,0.6890001522258973,0.0062993886004431565,0.6881735
1731,132,3,0.6203186813314223,0.0077004088642267585,0.61917204
1732,132,4,0.4400077696040195,0.006219220118842437,0.44203353
1733,132,5,0.3016856487546732,0.006608433115534654,0.30275947
1734,132,6,0.7373465871896235,0.005465421833499588,0.7362624
1735,132,7,0.6429722488908602,0.013156138952268685,0.6453295
1736,132,8,0.22278135250350845,0.004704397199479779,0.22344898
1737,132,9,0.7340782611842201,0.013500305467349793,0.73715746
1738,132,10,0.3106993182244828,0.005290812998081445,0.31219095
1739,132,11,0.37189917000492334,0.00757528456029544,0.3729271
1740,132,12,0.6362542652731187,0.007506215741700025,0.6352726
1741,132,13,0.3769449987906031,0.00772003296862744,0.37818658
1742,132,14,0.43098841617614325,0.008654824429788504,0.43240523
1743,132,15,0.6704891931451219,0.006580988753803352,0.66966325
1744,133,0,0.7090367398198373,0.01385816734936069,0.71253496
1745,133,1,0.6515388382856234,0.0067365753013373456,0.64998686
1746,133,2,0.6889494893668642,0.00629039976630418,0.6859912
1747,133,3,0.6202575790991107,0.007692385620679068,0.6167755
1748,133,4,0.44006675311441645,0.006230769164429646,0.4427347
1749,133,5,0.3017355745550549,0.006605042661617639,0.3041166
1750,133,6,0.7372979502160052,0.005459027573793114,0.7355904
1751,133,7,0.6430181234704836,0.013153942472233027,0.64700294
1752,133,8,0.22282759324877188,0.004696094671435167,0.22388338
1753,133,9,0.7341027436445988,0.013504411776350053,0.7372784
1754,133,10,0.31075637486932295,0.0052969603045476535,0.312535
1755,133,11,0.37195927073614893,0.007566544072132443,0.37538192
1756,133,12,0.6361951152309558,0.007497379005572441,0.63302916
1757,133,13,0.3770010615904155,0.007712634580574136,0.3806312
1758,133,14,0.4310540474610739,0.008647511807737896,0.43495917
1759,133,15,0.6704350836803469,0.006571180674176346,0.6674577
1760,134,0,0.7090691542488854,0.013865238073702922,0.7091516
1761,134,1,0.6515856184201805,0.006733697175330857,0.6511545
1762,134,2,0.688899871423133,0.0063073635618011,0.68835425
1763,134,3,0.6201977350656872,0.007712829534885377,0.6202245
1764,134,4,0.44012453195467355,0.006252103459852249,0.44210497
1765,134,5,0.30178448162632543,0.006616665743595233,0.30133674
1766,134,6,0.7372503185631148,0.00545909491025151,0.7367347
1767,134,7,0.6430630543029133,0.013166743257195562,0.6426122
1768,134,8,0.22287287730497696,0.004690918838983994,0.22373615
1769,134,9,0.7341267209594754,0.013509016019403347,0.73473907
1770,134,10,0.3108122660718417,0.0053067616761194635,0.31250873
1771,134,11,0.37201813361601305,0.007586418063220387,0.37213558
1772,134,12,0.6361371836929929,0.007513252210622084,0.6358863
1773,134,13,0.3770559696675724,0.007735512122851095,0.3770831
1774,134,14,0.43111832850688375,0.008671000823853905,0.4310962
1775,134,15,0.6703820897894548,0.006586745216496469,0.669879
1776,135,0,0.7091009012984604,0.013854345821676555,0.7133601
1777,135,1,0.6516314559026799,0.006727241296667276,0.64975804
1778,135,2,0.688851276248705,0.006296741324799035,0.6868848
1779,135,3,0.6201391227182793,0.007699716796216794,0.61677986
1780,135,4,0.44018113075899357,0.006261705981416403,0.44241253
1781,135,5,0.3018323907279828,0.006606933940510077,0.30529007
1782,135,6,0.7372036707584404,0.005448973066591394,0.735809
1783,135,7,0.6431070612074832,0.013154671714763758,0.647914
1784,135,8,0.22291722517373647,0.00468410852445901,0.22395481
1785,135,9,0.7341502038498854,0.013499352157137606,0.7383907
1786,135,10,0.31086701567372343,0.0053148847446190745,0.31267348
1787,135,11,0.37207578474948133,0.007573647470040352,0.37547523
1788,135,12,0.6360804449445745,0.007501055064865243,0.632965
1789,135,13,0.377109747376812,0.007722423151901502,0.38053063
1790,135,14,0.4311812876733633,0.008657047024185691,0.43524343
1791,135,15,0.6703301878612524,0.006575203278773375,0.6681953
1792,136,0,0.7091319950248809,0.013868731256968842,0.71426094
1793,136,1,0.6516763690324341,0.006726609871871197,0.6504592
1794,136,2,0.6888036822119826,0.006298030767069364,0.68707144
1795,136,3,0.6200817161485416,0.0077170256125379515,0.6175598
1796,136,4,0.4402365736555147,0.00627437874327968,0.44225365
1797,136,5,0.3018793221985821,0.006636551740169324,0.3046064
1798,136,6,0.7371579858404289,0.005445394435375377,0.7356399
1799,136,7,0.6431501635566167,0.013176832333736982,0.6481429
1800,136,8,0.22296065686385297,0.004678769231853417,0.22430466
1801,136,9,0.734173202786739,0.013514152768301839,0.7387041
1802,136,10,0.3109206470261323,0.005324138043872917,0.31323615
1803,136,11,0.3721322496447479,0.007592042877756156,0.37444022
1804,136,12,0.6360248738602049,0.007515219057383026,0.6341064
1805,136,13,0.37716241851589755,0.007740519760685945,0.37969533
1806,136,14,0.4312429526805234,0.008681979266492973,0.43395627
1807,136,15,0.6702793548305978,0.006577424176599421,0.66833967
1808,137,0,0.7091624491644686,0.013892812769517732,0.7111239
1809,137,1,0.651720375807431,0.006722063401689543,0.64983237
1810,137,2,0.6887570681805016,0.006296418436363069,0.6861239
1811,137,3,0.6200254900354715,0.007721545273582122,0.61738485
1812,137,4,0.4402908842768868,0.006283442308974241,0.44257435
1813,137,5,0.301925295964114,0.006651872862135558,0.30336297
1814,137,6,0.7371132433425008,0.0054429994977523944,0.73461807
1815,137,7,0.6431923802881889,0.013200426273348583,0.6448367
1816,137,8,0.22300319190706144,0.0046764257757821925,0.22528134
1817,137,9,0.7341957279983196,0.013531547330415767,0.7360073
1818,137,10,0.31097318300001897,0.00534098762539143,0.31191984
1819,137,11,0.37218755323030445,0.007594208826866133,0.374879
1820,137,12,0.6359704458866067,0.0075135147253714615,0.6333717
1821,137,13,0.37721400634156305,0.007744994980745023,0.3799519
1822,137,14,0.43130335062631175,0.008686172646808253,0.43354228
1823,137,15,0.670229568162352,0.0065770300205012155,0.66781485
1824,138,0,0.7091922771426099,0.01388739595105297,0.71619093
1825,138,1,0.6517634939249585,0.006721442363007575,0.64937466
1826,138,2,0.6887114135063386,0.006306221203912703,0.686086
1827,138,3,0.6199704196289471,0.007727153513458711,0.61611664
1828,138,4,0.4403440857706119,0.0062957416834703486,0.44279736
1829,138,5,0.3019703315462275,0.006650493373593732,0.30518514
1830,138,6,0.7370694232778155,0.005453606417166609,0.73467785
1831,138,7,0.6432337299173883,0.013192859189315672,0.64955395
1832,138,8,0.2230448493730158,0.004687085368830065,0.22548251
1833,138,9,0.7342177894774469,0.013525821936582076,0.74133676
1834,138,10,0.31102464599619456,0.005339502687802918,0.31391546
1835,138,11,0.37224171987128674,0.007600770904336795,0.37594754
1836,138,12,0.6359171370265024,0.007519332116684411,0.6324009
1837,138,13,0.37726453358478335,0.007751667822791059,0.3812201
1838,138,14,0.4313625080036107,0.008684863631504437,0.43560788
1839,138,15,0.6701808058360343,0.006582282125776349,0.6673353
1840,139,0,0.7092214920824383,0.013937752945787907,0.71369535
1841,139,1,0.6518057407826393,0.006725018206145094,0.6492099
1842,139,2,0.688666698012154,0.0063153468037677,0.6841997
1843,139,3,0.6199164807339441,0.007750597277877743,0.6146516
1844,139,4,0.44039620080915587,0.006309964086356642,0.4445423
1845,139,5,0.30201444807029953,0.006672811669536756,0.30554372
1846,139,6,0.7370265061247404,0.005461996232639714,0.733121
1847,139,7,0.6432742305481058,0.01323457972783673,0.64863414
1848,139,8,0.22308564788356822,0.004699974015402597,0.22644606
1849,139,9,0.7342393969883233,0.013579798600111251,0.7385948
1850,139,10,0.3110750579551765,0.00536597912410819,0.31368077
1851,139,11,0.37229477338514205,0.007622142523703076,0.37742856
1852,139,12,0.6358649238230736,0.007538100995646128,0.63087463
1853,139,13,0.3773140224654084,0.007776627784926717,0.38261807
1854,139,14,0.43142045071655855,0.008710442723612932,0.43702477
1855,139,15,0.6701330463311367,0.006593315366178469,0.6655656
1856,140,0,0.7092501068131569,0.01395133869108809,0.7091356
1857,140,1,0.6518471334798384,0.006730457644008395,0.65114725
1858,140,2,0.6886229019778324,0.006359562655347966,0.6860612
1859,140,3,0.6198636496953923,0.00780147326005527,0.61694753
1860,140,4,0.4404472515998358,0.0063561209213395,0.44258893
1861,140,5,0.30205766427335223,0.0066998497319894195,0.30332944
1862,140,6,0.7369844728129796,0.005499669174602841,0.7339242
1863,140,7,0.6433138998838763,0.013260279748695387,0.64389944
1864,140,8,0.2231256056263852,0.004731522739189843,0.22614431
1865,140,9,0.7342605600730805,0.013592813411868004,0.733586
1866,140,10,0.3111244403668145,0.005385860007453383,0.31308162
1867,140,11,0.3723467370566554,0.007670958734320474,0.37519532
1868,140,12,0.6358137833450609,0.007584595366947344,0.63305104
1869,140,13,0.37736249470619876,0.007827956945261685,0.38046357
1870,140,14,0.4314772040962316,0.00876129798983176,0.43442857
1871,140,15,0.6700862686130599,0.006637104578941845,0.6675437
1872,141,0,0.7092781338780342,0.013940182572302699,0.7112507
1873,141,1,0.651887688819395,0.006724513519709643,0.6510481
1874,141,2,0.6885800061276803,0.0063661823465645485,0.68708456
1875,141,3,0.6198119033836289,0.007808302935894604,0.61830175
1876,141,4,0.4404972598944953,0.006364251045444077,0.44209182
1877,141,5,0.3020999985118253,0.0066960721126054015,0.30232945
1878,141,6,0.7369433047103199,0.005517776826754221,0.73564434
1879,141,7,0.6433527552384115,0.013248693229980664,0.6452624
1880,141,8,0.2231647403679448,0.004753977194070566,0.2250583
1881,141,9,0.7342812880580571,0.013582600165516467,0.73598105
1882,141,10,0.31117281427970483,0.005394552052124526,0.31245482
1883,141,11,0.3723976336523791,0.007677281412462209,0.3740029
1884,141,12,0.6357636931724598,0.007590371686007609,0.6341487
1885,141,13,0.37740997154630246,0.00783699607183115,0.37903354
1886,141,14,0.431532792915731,0.008765779271042962,0.4330175
1887,141,15,0.6700404521196279,0.006642150727877464,0.6685379
1888,142,0,0.7093055855420766,0.013934037445442594,0.70911515
1889,142,1,0.6519274233096602,0.006718883037983213,0.6514388
1890,142,2,0.6885379916181538,0.006360715508717054,0.6887522
1891,142,3,0.6197612191804237,0.007800870679630143,0.6203717
1892,142,4,0.4405462469989633,0.006365791511575828,0.441328
1893,142,5,0.30214146876919695,0.006687012451364912,0.30249125
1894,142,6,0.7369029836099573,0.005511814367659944,0.7370408
1895,142,7,0.6433908135457271,0.013241659528048306,0.6433965
1896,142,8,0.22320306946595087,0.004756262377582808,0.22296502
1897,142,9,0.734301590059807,0.013575668539221854,0.73431927
1898,142,10,0.3112202003103913,0.00539491023502128,0.31218222
1899,142,11,0.3724474854344908,0.007670711477306212,0.3719752
1900,142,12,0.6357146313827868,0.007584293072977253,0.63611954
1901,142,13,0.3774564737541974,0.007830193632098002,0.3768659
1902,142,14,0.4315872414046958,0.008756883565417723,0.43125948
1903,142,15,0.6699955767481562,0.006635889922108867,0.6703382
1904,143,0,0.7093324737994092,0.0139232203730838,0.70482653
1905,143,1,0.6519663531667942,0.0067129680236644295,0.6554927
1906,143,2,0.6884968400260784,0.006348731019925792,0.6915
1907,143,3,0.6197115749655336,0.007788256211558757,0.6233178
1908,143,4,0.44059423378231166,0.006360896575086864,0.43889943
1909,143,5,0.30218209266346463,0.006678414867998474,0.29966474
1910,143,6,0.7368634917183667,0.005500468550656451,0.7393703
1911,143,7,0.6434280913699053,0.013229827867973646,0.63904226
1912,143,8,0.2232406098812026,0.0047458573869484195,0.22103935
1913,143,9,0.7343214749908671,0.013565278760913652,0.7300904
1914,143,10,0.31126661865236815,0.005392385391412995,0.30994752
1915,143,11,0.3724963141741217,0.007658001683351974,0.36879155
1916,143,12,0.6356665765378741,0.007571841591133279,0.63920844
1917,143,13,0.37750202164013863,0.007817464264712942,0.3739898
1918,143,14,0.4316405732632865,0.008743066264387827,0.42787755
1919,143,15,0.66995162284303,0.006623351242393856,0.6730773
1920,144,0,0.7093588103803715,0.01393514991420745,0.70631194
1921,144,1,0.6520044943173046,0.006744352545250157,0.65459186
1922,144,2,0.6884565333373387,0.006357773584864425,0.69309765
1923,144,3,0.6196629491037652,0.00779972314999335,0.62478715
1924,144,4,0.44064124068590826,0.006357582881152118,0.4391414
1925,144,5,0.3022218874544793,0.006680866600772106,0.29923323
1926,144,6,0.7368248116436839,0.005506495222812252,0.7405277
1927,144,7,0.6434646049144974,0.01324031224888575,0.6394854
1928,144,8,0.2232773781889521,0.0047511002155412084,0.22037172
1929,144,9,0.7343409515652899,0.013575746246037955,0.732137
1930,144,10,0.31131208908488134,0.0053880095314388305,0.3095758
1931,144,11,0.37254414116417783,0.007671545193035092,0.3675306
1932,144,12,0.6356195076711699,0.007583659178247977,0.6405802
1933,144,13,0.3775466350681314,0.007827585300211732,0.37249708
1934,144,14,0.4316928116756576,0.008752816979050502,0.42658454
1935,144,15,0.6699085711837727,0.00663246410157986,0.67447084
1936,145,0,0.7093846067583514,0.013934357239859455,0.70740086
1937,145,1,0.6520418624007928,0.0067593181981197145,0.65500146
1938,145,2,0.6884170539360065,0.0063960872526752175,0.6906749
1939,145,3,0.6196153204325114,0.007836154207770694,0.6219038
1940,145,4,0.44068728773227756,0.00635303340973422,0.4402726
1941,145,5,0.3022608700511421,0.006688525517304787,0.30084693
1942,145,6,0.7367869263845671,0.005532729027387958,0.7388834
1943,145,7,0.6435003700315972,0.013246332539051182,0.64152914
1944,145,8,0.22331339058978103,0.004767617623347261,0.22160642
1945,145,9,0.7343600283039621,0.013570855154692765,0.73231196
1946,145,10,0.31135663098153993,0.005386595382655948,0.31070408
1947,145,11,0.37259098723168654,0.007706827894598581,0.3702449
1948,145,12,0.6355734042755131,0.007618831770281418,0.63791835
1949,145,13,0.37759033346746035,0.00786250095580056,0.37542713
1950,145,14,0.4317439793229537,0.00878245022655343,0.42957142
1951,145,15,0.6698664029735713,0.006666172370733015,0.6723251
1952,146,0,0.7094098741563676,0.013927697087257032,0.7115248
1953,146,1,0.6520784727728878,0.006779087419873887,0.6531589
1954,146,2,0.6883783845938826,0.0063947474960237925,0.68970555
1955,146,3,0.6195686682497393,0.007831715918601136,0.62058455
1956,146,4,0.44073239453376917,0.006345267793338344,0.441758
1957,146,5,0.3022990570184618,0.00668196313205426,0.30323032
1958,146,6,0.7367498193195116,0.005532613134640061,0.73802185
1959,146,7,0.6435354022305969,0.01323862611297554,0.6445802
1960,146,8,0.22334866292002525,0.004765932493055553,0.2223105
1961,146,9,0.7343787135397151,0.013565221150053371,0.7369286
1962,146,10,0.3114002633187388,0.005379694619017196,0.31304228
1963,146,11,0.372636872749694,0.007703199792511857,0.371242
1964,146,12,0.6355282462913543,0.0076156649134343736,0.63674784
1965,146,13,0.37763313584379876,0.007857050448965872,0.37662682
1966,146,14,0.43179409839585153,0.008775383566602927,0.4310656
1967,146,15,0.6698250998282338,0.00666574069434364,0.6713032
1968,147,0,0.709434623553416,0.01392286822058788,0.711965
1969,147,1,0.6521143405083426,0.006777660992558018,0.65191984
1970,147,2,0.6883405084604325,0.006386038217083883,0.68931776
1971,147,3,0.6195229723024035,0.00782008369152494,0.62046355
1972,147,4,0.4407765803010405,0.006342247219270417,0.44223762
1973,147,5,0.3023364645844771,0.006676440017949874,0.3034169
1974,147,6,0.7367134741965895,0.005525145136913638,0.738
1975,147,7,0.6435697166866434,0.01322892591273293,0.6452668
1976,147,8,0.22338321066177427,0.004758575064940607,0.22255102
1977,147,9,0.7343970154222438,0.013563232424679147,0.73725075
1978,147,10,0.31144300468389896,0.005383871270021879,0.31234547
1979,147,11,0.3726818176487361,0.0076932006916243184,0.3717551
1980,147,12,0.6354840140954028,0.007605274739043073,0.6363659
1981,147,13,0.3776750607899196,0.007845356982878688,0.3768659
1982,147,14,0.43184319060667153,0.008762239869050436,0.4316968
1983,147,15,0.6697846437655559,0.006657080791378531,0.670793
1984,148,0,0.7094588656905919,0.013920259438814161,0.71043
1985,148,1,0.6521494804042749,0.006771610050265944,0.6529388
1986,148,2,0.688303409053091,0.006375804633596984,0.68899274
1987,148,3,0.6194782127752644,0.007808385445128843,0.61989796
1988,148,4,0.4408198638513577,0.006342542952217173,0.44310495
1989,148,5,0.30237310864704353,0.006671854368976367,0.30313995
1990,148,6,0.7366778751235912,0.005517821041939186,0.73728573
1991,148,7,0.6436033282488097,0.013221672665250706,0.64438194
1992,148,8,0.22341704895247028,0.004750169490525648,0.22315161
1993,148,9,0.7344149419228413,0.013563058192110186,0.735465
1994,148,10,0.3114848732835283,0.00538107747856566,0.3135073
1995,148,11,0.3727258414279068,0.0076815817196572616,0.37233382
1996,148,12,0.6354406884896747,0.007593892416218518,0.6357522
1997,148,13,0.3777161264960291,0.007833293280629813,0.37725073
1998,148,14,0.43189127720108167,0.008748926169259983,0.43177405
1999,148,15,0.6697450171950744,0.006646257496879058,0.6703703
2000,149,0,0.7094826110769986,0.013911277464084533,0.70846355
2001,149,1,0.6521839069835317,0.006768502282706228,0.65270114
2002,149,2,0.6882670702479158,0.006364833091478303,0.68672013
2003,149,3,0.6194343702800873,0.007795965685755913,0.61780614
2004,149,4,0.4408622636167197,0.006351414889663206,0.4413965
2005,149,5,0.3024090047804903,0.006665497713052583,0.30367056
2006,149,6,0.7366430065585441,0.00550755053155438,0.735965
2007,149,7,0.6436362514479966,0.01321153161132449,0.6435029
2008,149,8,0.22345019259413068,0.004740251670986618,0.22397667
2009,149,9,0.7344325008389603,0.013554616448262983,0.73267347
2010,149,10,0.3115258869511105,0.005389499621130042,0.3127828
2011,149,11,0.37276896316554553,0.007669236498346264,0.3742318
2012,149,12,0.6353982506909204,0.0075818461897137765,0.6339373
2013,149,13,0.3777563507597456,0.007820857346750035,0.3794038
2014,149,14,0.43193837896941434,0.008735818566506922,0.43356413
2015,149,15,0.6697062029081838,0.006634520034743059,0.668016
2016,150,0,0.7095058699954582,0.013902159199619532,0.71055245
2017,150,1,0.6522176344981617,0.006764191957323907,0.653398
2018,150,2,0.6882314762705738,0.006360822085457267,0.6878411
2019,150,3,0.6193914258452063,0.007790527447480107,0.618879
2020,150,4,0.4409037976518091,0.006345578486387779,0.44293004
2021,150,5,0.3024441682421471,0.006662149961853779,0.30334547
2022,150,6,0.73660885330059,0.005498746096228082,0.73660934
2023,150,7,0.6436685005045791,0.013200560989656983,0.6453178
2024,150,8,0.2234826560622145,0.004731685959000418,0.22385277
2025,150,9,0.7344496997986127,0.01354825054423624,0.7354344
2026,150,10,0.31156606315482227,0.0053892434946676586,0.31195918
2027,150,11,0.3728112015295618,0.0076627938696423,0.37347084
2028,150,12,0.6353566823204125,0.007575750247242263,0.63469535
2029,150,13,0.3777957509957382,0.007815384314540643,0.3784417
2030,150,14,0.43198451625761525,0.008729032819987818,0.43273032
2031,150,15,0.6696681840686013,0.006630949537358077,0.66911954
